Date,Open,High,Low,Close,Adj Close,Volume
2020-01-02,69.0,69.0,68.0,68.5999984741211,52.81877136230469,3856549
2020-01-03,69.4000015258789,69.4000015258789,67.5999984741211,68.19999694824219,52.51079177856445,5381135
2020-01-06,67.5999984741211,67.9000015258789,66.5,66.80000305175781,51.432865142822266,4837803
2020-01-07,67.0999984741211,68.69999694824219,67.0999984741211,68.30000305175781,52.587791442871094,8359560
2020-01-08,67.9000015258789,68.0,66.80000305175781,67.69999694824219,52.125816345214844,6507938
2020-01-09,67.9000015258789,68.30000305175781,66.80000305175781,67.4000015258789,51.89483642578125,5624468
2020-01-10,67.69999694824219,67.80000305175781,66.5999984741211,67.0,51.586849212646484,6470970
2020-01-13,68.0,69.4000015258789,67.80000305175781,69.19999694824219,53.28074264526367,9544345
2020-01-14,69.5,69.5,68.4000015258789,69.0999984741211,53.2037467956543,5338808
2020-01-15,69.0999984741211,69.19999694824219,68.19999694824219,68.19999694824219,52.51079177856445,4310810
2020-01-16,68.19999694824219,68.19999694824219,67.80000305175781,68.0,52.3568000793457,3899727
2020-01-17,68.0,68.5,67.69999694824219,67.9000015258789,52.27980422973633,4960568
2020-01-20,68.4000015258789,68.80000305175781,67.9000015258789,68.0,52.3568000793457,5018424
2020-01-30,65.19999694824219,65.19999694824219,62.5,62.79999923706055,48.353050231933594,15068379
2020-01-31,62.79999923706055,64.9000015258789,62.79999923706055,63.599998474121094,48.96901321411133,7803081
2020-02-03,61.099998474121094,65.0,60.70000076293945,63.900001525878906,49.19999313354492,10574152
2020-02-04,69.0,69.0,64.80000305175781,64.80000305175781,49.89295959472656,8152760
2020-02-05,64.80000305175781,65.30000305175781,64.0,64.80000305175781,49.89295959472656,5953267
2020-02-06,65.0,66.5999984741211,65.0,66.5999984741211,51.278865814208984,8475316
2020-02-07,65.9000015258789,65.9000015258789,65.0999984741211,65.30000305175781,50.277931213378906,4478232
2020-02-10,63.79999923706055,65.5,63.20000076293945,64.69999694824219,49.815956115722656,7224062
2020-02-11,64.80000305175781,65.80000305175781,64.5,65.5,50.43192672729492,4355463
2020-02-12,65.4000015258789,66.0,64.80000305175781,65.30000305175781,50.277931213378906,5223695
2020-02-13,65.5,66.19999694824219,65.4000015258789,65.4000015258789,50.35493087768555,3397879
2020-02-14,65.4000015258789,66.30000305175781,65.4000015258789,66.19999694824219,50.97088623046875,3393751
2020-02-17,65.30000305175781,65.80000305175781,64.9000015258789,65.80000305175781,50.662906646728516,2381405
2020-02-18,65.19999694824219,66.19999694824219,64.4000015258789,66.0,50.81689453125,6818234
2020-02-19,65.9000015258789,67.19999694824219,65.5999984741211,66.69999694824219,51.355865478515625,6771925
2020-02-20,67.0,67.19999694824219,65.9000015258789,66.30000305175781,51.04788589477539,4643701
2020-02-21,65.5,65.9000015258789,65.0999984741211,65.5,50.43192672729492,6417328
2020-02-24,64.0999984741211,65.0,64.0999984741211,64.5,49.66196823120117,4150960
2020-02-25,64.0,65.0,63.5,64.69999694824219,49.815956115722656,6340039
2020-02-26,64.0,64.69999694824219,63.599998474121094,64.19999694824219,49.43098068237305,5363883
2020-02-27,63.900001525878906,64.0999984741211,62.70000076293945,62.70000076293945,48.27605438232422,9466729
2020-03-02,60.70000076293945,61.29999923706055,60.20000076293945,60.29999923706055,46.428165435791016,16746161
2020-03-03,61.5,61.900001525878906,61.0,61.0,46.96713638305664,11921987
2020-03-04,60.599998474121094,62.20000076293945,60.599998474121094,61.599998474121094,47.42910385131836,10591942
2020-03-05,62.70000076293945,63.0,62.099998474121094,62.900001525878906,48.43004608154297,6719718
2020-03-06,62.099998474121094,62.29999923706055,61.20000076293945,61.29999923706055,47.1981201171875,7910289
2020-03-09,60.099998474121094,62.400001525878906,59.79999923706055,61.29999923706055,47.1981201171875,13402853
2020-03-10,60.79999923706055,61.29999923706055,59.70000076293945,60.29999923706055,46.428165435791016,12638636
2020-03-11,60.400001525878906,61.20000076293945,59.400001525878906,59.400001525878906,45.73521041870117,9119944
2020-03-12,59.0,59.0,56.79999923706055,56.79999923706055,43.733333587646484,10045189
2020-03-13,53.099998474121094,56.5,52.0,55.29999923706055,42.578399658203125,16144469
2020-03-16,55.0,55.5,52.599998474121094,52.599998474121094,40.49952697753906,8685163
2020-03-17,50.20000076293945,52.599998474121094,50.20000076293945,50.70000076293945,39.036617279052734,11815094
2020-03-18,51.0,51.70000076293945,50.20000076293945,50.29999923706055,38.728633880615234,8971566
2020-03-19,49.0,50.0,46.900001525878906,48.099998474121094,37.03474044799805,14414287
2020-03-20,49.0,52.70000076293945,49.0,51.79999923706055,39.88356399536133,12617984
2020-03-23,49.45000076293945,50.400001525878906,48.20000076293945,48.20000076293945,37.11173629760742,7326436
2020-03-24,49.5,52.5,49.349998474121094,51.900001525878906,39.9605598449707,9289527
2020-03-25,54.0,55.5,54.0,54.900001525878906,42.270423889160156,8781625
2020-03-26,56.0,56.400001525878906,53.5,55.099998474121094,42.42441177368164,7947779
2020-03-27,60.599998474121094,60.599998474121094,59.5,60.099998474121094,46.27417755126953,24426406
2020-03-30,58.5,60.099998474121094,58.29999923706055,59.29999923706055,45.65821075439453,11178026
2020-03-31,60.099998474121094,60.5,58.0,58.0,44.65727233886719,15283052
2020-04-01,58.0,59.400001525878906,57.79999923706055,58.400001525878906,44.96525573730469,7226166
2020-04-06,59.5,61.599998474121094,58.79999923706055,61.599998474121094,47.42910385131836,15022498
2020-04-07,62.79999923706055,63.70000076293945,61.599998474121094,61.79999923706055,47.583091735839844,10391819
2020-04-08,61.900001525878906,63.0,61.599998474121094,62.5,48.1220588684082,8953395
2020-04-09,63.599998474121094,63.70000076293945,61.5,61.79999923706055,47.583091735839844,6008634
2020-04-10,61.900001525878906,62.400001525878906,61.400001525878906,62.0,47.737083435058594,4534762
2020-04-13,61.79999923706055,62.599998474121094,61.29999923706055,62.0,47.737083435058594,4623617
2020-04-14,62.400001525878906,63.70000076293945,62.099998474121094,63.70000076293945,49.04600524902344,11334766
2020-04-15,64.5,65.19999694824219,64.0999984741211,64.80000305175781,49.89295959472656,10599420
2020-04-16,63.79999923706055,65.4000015258789,63.70000076293945,65.0,50.04694747924805,10178239
2020-04-17,66.0,66.19999694824219,64.5,65.0999984741211,50.123939514160156,15501240
2020-04-20,65.30000305175781,65.69999694824219,64.30000305175781,64.4000015258789,49.5849723815918,8634387
2020-04-21,64.4000015258789,65.5,63.099998474121094,63.20000076293945,48.66102981567383,11322907
2020-04-22,62.79999923706055,63.70000076293945,62.599998474121094,63.099998474121094,48.58403396606445,9737701
2020-04-23,63.900001525878906,64.5,63.0,64.4000015258789,49.5849723815918,8921273
2020-04-24,64.4000015258789,65.0,64.0,64.69999694824219,49.815956115722656,9093388
2020-04-27,65.5,66.19999694824219,65.19999694824219,65.4000015258789,50.35493087768555,9603208
2020-04-28,65.5,65.9000015258789,65.4000015258789,65.9000015258789,50.73990249633789,6496440
2020-04-29,66.0,66.5,65.5,65.5,50.43192672729492,11368761
2020-04-30,66.0,66.4000015258789,65.69999694824219,66.0999984741211,50.893890380859375,11936118
2020-05-04,65.0,65.5999984741211,64.80000305175781,64.9000015258789,49.96995162963867,8357283
2020-05-05,65.19999694824219,65.9000015258789,65.0999984741211,65.30000305175781,50.277931213378906,5798106
2020-05-06,65.0,65.5999984741211,64.5999984741211,65.0,50.04694747924805,6979222
2020-05-07,65.0,65.69999694824219,64.9000015258789,65.30000305175781,50.277931213378906,5201272
2020-05-08,66.0,66.30000305175781,65.69999694824219,66.30000305175781,51.04788589477539,7298854
2020-05-11,66.69999694824219,67.30000305175781,66.5999984741211,66.9000015258789,51.50986099243164,8368191
2020-05-12,66.19999694824219,66.69999694824219,65.69999694824219,66.0,50.81689453125,10920030
2020-05-13,66.0,66.5,65.80000305175781,66.5,51.20186996459961,6118338
2020-05-14,65.0999984741211,66.5999984741211,65.0999984741211,66.0,50.81689453125,7691634
2020-05-15,62.0,63.79999923706055,61.70000076293945,62.599998474121094,48.19905471801758,28570348
2020-05-18,62.79999923706055,63.0,62.400001525878906,63.0,48.50703811645508,9213698
2020-05-19,63.900001525878906,63.900001525878906,60.900001525878906,61.099998474121094,47.044124603271484,20227878
2020-05-20,61.20000076293945,61.70000076293945,61.0,61.0,46.96713638305664,8696393
2020-05-21,60.599998474121094,61.400001525878906,60.599998474121094,60.599998474121094,46.659149169921875,13676195
2020-05-22,60.599998474121094,61.099998474121094,60.29999923706055,60.70000076293945,46.73614501953125,7799852
2020-05-25,61.099998474121094,61.70000076293945,60.5,61.5,47.35211181640625,6389645
2020-05-26,62.0,62.400001525878906,61.79999923706055,62.0,47.737083435058594,10451269
2020-05-27,62.400001525878906,62.5,62.0,62.0,47.737083435058594,5340383
2020-05-28,62.29999923706055,62.5,61.20000076293945,61.5,47.35211181640625,9555699
2020-05-29,61.29999923706055,64.5,61.29999923706055,64.5,49.66196823120117,15327227
2020-06-01,64.5,65.19999694824219,63.70000076293945,64.19999694824219,49.43098068237305,11717857
2020-06-02,64.5999984741211,65.19999694824219,64.4000015258789,65.0999984741211,50.123939514160156,8102988
2020-06-03,65.9000015258789,66.69999694824219,65.5,66.0999984741211,50.893890380859375,13757319
2020-06-04,66.69999694824219,67.0,66.19999694824219,66.4000015258789,51.124881744384766,12244779
2020-06-05,66.4000015258789,66.4000015258789,66.0,66.30000305175781,51.04788589477539,7492792
2020-06-08,66.80000305175781,67.0,66.4000015258789,66.80000305175781,51.432865142822266,10508637
2020-06-09,66.69999694824219,66.9000015258789,66.0,66.0,50.81689453125,9268650
2020-06-10,66.0,67.0,65.9000015258789,67.0,51.586849212646484,9373613
2020-06-11,70.0,70.9000015258789,67.19999694824219,67.80000305175781,52.202816009521484,27499098
2020-06-12,66.80000305175781,69.30000305175781,66.5999984741211,69.0999984741211,53.2037467956543,20808157
2020-06-15,69.0999984741211,69.5,67.5,67.80000305175781,52.202816009521484,14152543
2020-06-16,68.80000305175781,69.19999694824219,68.5,68.5999984741211,52.81877136230469,10814207
2020-06-17,68.80000305175781,69.0,68.0,68.5999984741211,52.81877136230469,7961730
2020-06-18,68.69999694824219,69.19999694824219,68.5999984741211,68.9000015258789,53.049766540527344,7627374
2020-06-19,68.5999984741211,69.30000305175781,68.19999694824219,68.80000305175781,52.97277069091797,17805737
2020-06-22,68.9000015258789,70.5,68.9000015258789,70.0999984741211,53.97370147705078,17902617
2020-06-23,70.9000015258789,71.0999984741211,70.0,70.0,53.89670944213867,20325050
2020-06-24,70.0,70.5,69.30000305175781,70.0999984741211,53.97370147705078,22129308
2020-06-29,69.5999984741211,70.4000015258789,69.5,69.80000305175781,53.74272155761719,27384833
2020-06-30,65.19999694824219,65.9000015258789,64.0,64.0,52.67319107055664,52507893
2020-07-01,64.19999694824219,65.0,64.19999694824219,64.5,53.0847053527832,11092890
2020-07-02,64.69999694824219,65.5,64.69999694824219,65.30000305175781,53.74311828613281,14037596
2020-07-03,65.80000305175781,66.30000305175781,65.4000015258789,66.0999984741211,54.40153121948242,12508474
2020-07-06,66.5,67.30000305175781,66.19999694824219,66.5,54.730743408203125,10021306
2020-07-07,66.69999694824219,67.0,64.9000015258789,65.5999984741211,53.990020751953125,13936946
2020-07-08,65.4000015258789,65.5999984741211,64.9000015258789,65.0999984741211,53.57851028442383,9305819
2020-07-09,65.30000305175781,65.5,64.69999694824219,64.80000305175781,53.33161163330078,8202233
2020-07-10,64.80000305175781,65.0,63.5,63.70000076293945,52.42628860473633,7056582
2020-07-13,64.69999694824219,65.0,63.900001525878906,64.80000305175781,53.33161163330078,5823191
2020-07-14,65.0,65.19999694824219,64.5,64.69999694824219,53.24930191040039,6178747
2020-07-15,65.0,65.0,63.70000076293945,63.900001525878906,52.59089279174805,10325127
2020-07-16,64.5999984741211,64.5999984741211,63.900001525878906,64.0999984741211,52.7554931640625,6819310
2020-07-17,64.4000015258789,64.5,64.0,64.0,52.67319107055664,4956773
2020-07-20,63.29999923706055,63.5,61.5,61.5,50.61564636230469,18426907
2020-07-21,62.099998474121094,62.29999923706055,60.79999923706055,61.20000076293945,50.368743896484375,15184755
2020-07-22,61.400001525878906,62.099998474121094,61.400001525878906,61.900001525878906,50.94485855102539,7984083
2020-07-23,62.29999923706055,62.900001525878906,61.599998474121094,62.20000076293945,51.1917610168457,11819072
2020-07-24,62.20000076293945,62.599998474121094,60.900001525878906,61.20000076293945,50.368743896484375,6693138
2020-07-27,61.20000076293945,61.79999923706055,60.400001525878906,60.400001525878906,49.7103271484375,6166688
2020-07-28,60.70000076293945,62.0,60.599998474121094,60.599998474121094,49.87492752075195,8197259
2020-07-29,61.0,61.20000076293945,60.0,60.099998474121094,49.46342086791992,7843338
2020-07-30,60.599998474121094,61.29999923706055,60.20000076293945,61.29999923706055,50.45104217529297,9215515
2020-07-31,61.5,62.0,61.400001525878906,61.70000076293945,50.78024673461914,11122429
2020-08-03,62.0,62.29999923706055,61.70000076293945,62.099998474121094,51.10945510864258,8023590
2020-08-04,62.400001525878906,64.19999694824219,62.099998474121094,63.79999923706055,52.50859069824219,15323858
2020-08-05,64.4000015258789,64.5,63.400001525878906,63.400001525878906,52.17938232421875,12163960
2020-08-06,63.79999923706055,64.30000305175781,63.599998474121094,64.0,52.67319107055664,9251648
2020-08-07,64.19999694824219,64.30000305175781,63.20000076293945,63.599998474121094,52.34398651123047,5892101
2020-08-10,64.0,64.0,63.29999923706055,63.599998474121094,52.34398651123047,7486708
2020-08-11,63.599998474121094,63.599998474121094,62.0,62.0,51.027156829833984,7039556
2020-08-12,62.0,62.5,61.900001525878906,62.099998474121094,51.10945510864258,4094405
2020-08-13,62.099998474121094,62.099998474121094,62.099998474121094,62.099998474121094,51.10945510864258,0
2020-08-14,67.30000305175781,67.69999694824219,63.599998474121094,66.69999694824219,54.89533996582031,54000160
2020-08-17,67.69999694824219,70.4000015258789,67.5,69.0999984741211,56.87058639526367,39583045
2020-08-18,69.69999694824219,69.9000015258789,67.5,67.69999694824219,55.718360900878906,16190424
2020-08-19,68.4000015258789,69.0999984741211,66.30000305175781,66.5999984741211,54.81303787231445,13028073
2020-08-20,66.69999694824219,66.80000305175781,63.099998474121094,64.0,52.67319107055664,16764420
2020-08-21,65.0,65.5,64.0999984741211,64.4000015258789,53.00239944458008,12268461
2020-08-24,64.5,64.5,62.900001525878906,63.29999923706055,52.09708023071289,11439820
2020-08-25,63.900001525878906,64.4000015258789,63.5,63.79999923706055,52.50859069824219,9047111
2020-08-26,64.0,64.0999984741211,63.099998474121094,63.599998474121094,52.34398651123047,5434399
2020-08-27,63.79999923706055,64.0,63.5,63.900001525878906,52.59089279174805,5665943
2020-08-28,63.900001525878906,64.0,62.5,62.900001525878906,51.76787567138672,10057269
2020-08-31,63.400001525878906,63.400001525878906,62.5,62.5,51.438663482666016,10167639
2020-09-01,63.099998474121094,63.70000076293945,62.900001525878906,63.5,52.26168441772461,7357029
2020-09-02,63.79999923706055,64.0,63.20000076293945,63.70000076293945,52.42628860473633,7574765
2020-09-03,63.79999923706055,64.5,63.5,63.70000076293945,52.42628860473633,5069724
2020-09-04,63.0,63.70000076293945,62.400001525878906,63.599998474121094,52.34398651123047,6052475
2020-09-07,63.5,63.5,62.79999923706055,62.900001525878906,51.76787567138672,5186398
2020-09-08,63.0,63.5,62.5,63.099998474121094,51.93247604370117,5945831
2020-09-09,62.599998474121094,63.20000076293945,62.29999923706055,63.20000076293945,52.01477813720703,5693069
2020-09-10,63.29999923706055,63.29999923706055,62.599998474121094,62.79999923706055,51.685569763183594,5520062
2020-09-11,63.20000076293945,63.5,62.400001525878906,62.79999923706055,51.685569763183594,6355539
2020-09-14,63.0,63.900001525878906,62.79999923706055,63.79999923706055,52.50859069824219,6330751
2020-09-15,64.0,64.30000305175781,63.29999923706055,63.900001525878906,52.59089279174805,4843977
2020-09-16,64.4000015258789,64.4000015258789,63.900001525878906,64.0,52.67319107055664,4762114
2020-09-17,64.19999694824219,64.4000015258789,63.900001525878906,63.900001525878906,52.59089279174805,5674807
2020-09-18,64.4000015258789,65.5999984741211,64.0,65.5999984741211,53.990020751953125,14284115
2020-09-21,65.69999694824219,65.69999694824219,64.19999694824219,64.19999694824219,52.83779525756836,6105838
2020-09-22,64.0,64.0999984741211,63.20000076293945,63.20000076293945,52.01477813720703,5070884
2020-09-23,63.400001525878906,63.900001525878906,62.70000076293945,63.0,51.85017395019531,7166336
2020-09-24,62.5,62.5,61.29999923706055,61.5,50.61564636230469,10906789
2020-09-25,62.0,62.400001525878906,60.900001525878906,61.29999923706055,50.45104217529297,8666033
2020-09-28,61.599998474121094,62.400001525878906,61.599998474121094,62.20000076293945,51.1917610168457,4233806
2020-09-29,62.70000076293945,63.20000076293945,62.099998474121094,62.900001525878906,51.76787567138672,5365928
2020-09-30,63.0,63.900001525878906,62.900001525878906,63.79999923706055,52.50859069824219,10316368
2020-10-05,63.900001525878906,64.0999984741211,63.20000076293945,63.20000076293945,52.01477813720703,3264167
2020-10-06,63.5,63.900001525878906,63.29999923706055,63.79999923706055,52.50859069824219,2865555
2020-10-07,63.5,63.79999923706055,63.29999923706055,63.400001525878906,52.17938232421875,2586924
2020-10-08,63.70000076293945,64.0,63.400001525878906,64.0,52.67319107055664,2984391
2020-10-12,64.0,64.19999694824219,63.599998474121094,64.0999984741211,52.7554931640625,5473129
2020-10-13,64.30000305175781,64.4000015258789,63.70000076293945,64.19999694824219,52.83779525756836,6370553
2020-10-14,64.4000015258789,64.9000015258789,63.5,63.70000076293945,52.42628860473633,9874168
2020-10-15,63.599998474121094,64.19999694824219,63.0,63.099998474121094,51.93247604370117,5956387
2020-10-16,63.29999923706055,63.5,62.900001525878906,63.099998474121094,51.93247604370117,3661876
2020-10-19,63.29999923706055,64.0999984741211,63.20000076293945,63.5,52.26168441772461,6548913
2020-10-20,63.5,63.79999923706055,63.20000076293945,63.5,52.26168441772461,3751130
2020-10-21,63.900001525878906,63.900001525878906,62.70000076293945,62.79999923706055,51.685569763183594,5704489
2020-10-22,62.79999923706055,63.0,62.099998474121094,62.29999923706055,51.27406311035156,9418949
2020-10-23,62.400001525878906,62.79999923706055,62.20000076293945,62.400001525878906,51.35636520385742,4066968
2020-10-26,62.5,62.79999923706055,62.099998474121094,62.29999923706055,51.27406311035156,4412822
2020-10-27,62.20000076293945,62.599998474121094,61.900001525878906,62.5,51.438663482666016,4174852
2020-10-28,62.29999923706055,63.0,62.099998474121094,62.29999923706055,51.27406311035156,5156315
2020-10-29,61.70000076293945,62.20000076293945,61.5,61.900001525878906,50.94485855102539,5381310
2020-10-30,61.599998474121094,61.900001525878906,61.29999923706055,61.5,50.61564636230469,7664103
2020-11-02,61.599998474121094,62.20000076293945,61.20000076293945,62.20000076293945,51.1917610168457,2946926
2020-11-03,62.29999923706055,62.599998474121094,62.0,62.400001525878906,51.35636520385742,3138549
2020-11-04,62.400001525878906,62.5,62.0,62.29999923706055,51.27406311035156,2344745
2020-11-05,62.70000076293945,62.79999923706055,62.099998474121094,62.29999923706055,51.27406311035156,2659228
2020-11-06,62.70000076293945,62.70000076293945,62.0,62.20000076293945,51.1917610168457,3838015
2020-11-09,62.599998474121094,63.0,60.0,60.900001525878906,50.1218376159668,19566190
2020-11-10,60.5,60.79999923706055,60.0,60.29999923706055,49.62802505493164,24551972
2020-11-11,60.79999923706055,62.5,60.5,62.5,51.438663482666016,14373073
2020-11-12,62.5,62.70000076293945,62.0,62.29999923706055,51.27406311035156,5972501
2020-11-13,63.20000076293945,64.4000015258789,63.099998474121094,64.0999984741211,52.7554931640625,21218370
2020-11-16,65.0,65.4000015258789,64.4000015258789,65.0,53.496212005615234,13185040
2020-11-17,65.5,65.5,64.5999984741211,65.0,53.496212005615234,9306327
2020-11-18,65.0,65.30000305175781,64.69999694824219,65.30000305175781,53.74311828613281,10000709
2020-11-19,65.4000015258789,65.4000015258789,64.80000305175781,65.0,53.496212005615234,6877029
2020-11-20,65.4000015258789,66.80000305175781,65.19999694824219,65.5999984741211,53.990020751953125,16093488
2020-11-23,66.19999694824219,66.4000015258789,65.30000305175781,65.9000015258789,54.2369270324707,12154004
2020-11-24,66.5,66.5999984741211,65.69999694824219,66.19999694824219,54.48383331298828,12785018
2020-11-25,66.5999984741211,66.69999694824219,65.5999984741211,65.9000015258789,54.2369270324707,12000117
2020-11-26,66.0,66.5,65.9000015258789,66.5,54.730743408203125,10841584
2020-11-27,66.5999984741211,66.9000015258789,66.19999694824219,66.5,54.730743408203125,9144982
2020-11-30,66.5,67.0,65.30000305175781,65.30000305175781,53.74311828613281,18973818
2020-12-01,65.0999984741211,65.69999694824219,64.5,65.5,53.90772247314453,12057885
2020-12-02,65.5999984741211,66.69999694824219,65.4000015258789,66.4000015258789,54.648441314697266,12874790
2020-12-03,66.5999984741211,66.5999984741211,65.69999694824219,66.0999984741211,54.40153121948242,8019030
2020-12-04,66.5999984741211,66.80000305175781,66.19999694824219,66.5999984741211,54.81303787231445,10521852
2020-12-07,67.5,69.5,67.30000305175781,68.80000305175781,56.62368392944336,27332855
2020-12-08,69.0,69.30000305175781,68.19999694824219,68.4000015258789,56.29447937011719,14583145
2020-12-09,68.9000015258789,69.5,68.5999984741211,69.4000015258789,57.117496490478516,16873379
2020-12-10,69.4000015258789,69.5,68.5999984741211,69.4000015258789,57.117496490478516,15741938
2020-12-11,70.5999984741211,71.5,69.0,69.9000015258789,57.52900314331055,28445935
2020-12-14,70.5999984741211,70.80000305175781,69.5999984741211,69.5999984741211,57.2820930480957,11463463
2020-12-15,69.5,69.5,67.30000305175781,67.30000305175781,55.389156341552734,19234413
2020-12-16,68.0999984741211,68.80000305175781,67.5999984741211,68.5,56.37677764892578,10275422
2020-12-17,68.5,68.5999984741211,67.5999984741211,67.9000015258789,55.88296890258789,7069143
2020-12-18,68.0,68.0,66.69999694824219,66.69999694824219,54.89533996582031,13730054
2020-12-21,66.5,66.5,65.0999984741211,66.19999694824219,54.48383331298828,15171908
2020-12-22,66.0999984741211,67.19999694824219,65.80000305175781,66.19999694824219,54.48383331298828,11489238
2020-12-23,66.5999984741211,66.80000305175781,66.0,66.80000305175781,54.9776496887207,7682182
2020-12-24,67.0,67.0,66.5,66.80000305175781,54.9776496887207,6334813
2020-12-25,67.0999984741211,68.4000015258789,67.0,67.80000305175781,55.80066680908203,7295665
2020-12-28,68.0999984741211,68.30000305175781,67.80000305175781,68.0,55.965267181396484,7294634
2020-12-29,68.19999694824219,68.19999694824219,67.0,67.0999984741211,55.224552154541016,6306122
2020-12-30,67.0999984741211,67.5999984741211,66.5,67.5,55.55376052856445,7538945
2020-12-31,67.5,67.69999694824219,67.0999984741211,67.30000305175781,55.389156341552734,4733872
2021-01-04,67.0,68.30000305175781,66.69999694824219,68.0,55.965267181396484,14937422
2021-01-05,67.9000015258789,67.9000015258789,66.5999984741211,66.80000305175781,54.9776496887207,19392446
2021-01-06,66.80000305175781,67.5,66.5,66.69999694824219,54.89533996582031,14294862
2021-01-07,67.0,67.0999984741211,66.5,66.80000305175781,54.9776496887207,8631835
2021-01-08,67.0999984741211,67.80000305175781,66.69999694824219,67.4000015258789,55.471458435058594,15120823
2021-01-11,67.30000305175781,67.4000015258789,66.5,67.30000305175781,55.389156341552734,15590007
2021-01-12,67.0,68.19999694824219,66.69999694824219,67.5,55.55376052856445,19229765
2021-01-13,68.30000305175781,71.5,68.0999984741211,70.9000015258789,58.352020263671875,55263543
2021-01-14,72.5,77.9000015258789,72.30000305175781,77.9000015258789,64.1131591796875,89107752
2021-01-15,80.0,84.5,79.69999694824219,80.4000015258789,66.17069244384766,144691332
2021-01-18,81.4000015258789,81.80000305175781,77.0,79.0,65.01847839355469,57600625
2021-01-19,79.30000305175781,79.9000015258789,78.0,79.0,65.01847839355469,31976304
2021-01-20,79.30000305175781,79.5999984741211,75.30000305175781,76.0,62.549415588378906,51395560
2021-01-21,76.80000305175781,78.5,76.4000015258789,77.0,63.372440338134766,32992650
2021-01-22,75.5999984741211,78.30000305175781,74.9000015258789,77.5999984741211,63.866249084472656,35945570
2021-01-25,78.0999984741211,78.30000305175781,76.80000305175781,78.0,64.19544982910156,21964107
2021-01-26,79.4000015258789,79.5999984741211,77.5,77.69999694824219,63.948543548583984,26055166
2021-01-27,79.0,81.4000015258789,78.80000305175781,81.0999984741211,66.74681091308594,51208457
2021-01-28,81.5,83.5999984741211,79.69999694824219,81.5,67.07601928710938,73934700
2021-01-29,82.80000305175781,83.19999694824219,78.4000015258789,78.4000015258789,64.52466583251953,44647515
2021-02-01,78.4000015258789,78.69999694824219,76.80000305175781,78.0,64.19544982910156,19559026
2021-02-02,78.30000305175781,79.19999694824219,78.0,78.0999984741211,64.27775573730469,17966199
2021-02-03,78.5,78.69999694824219,77.69999694824219,78.19999694824219,64.36005401611328,13743259
2021-02-04,78.0999984741211,79.5,77.80000305175781,78.9000015258789,64.93617248535156,14163855
2021-02-05,79.19999694824219,79.19999694824219,78.30000305175781,78.4000015258789,64.52466583251953,12942814
2021-02-17,77.0,77.0999984741211,75.0,75.19999694824219,61.89099884033203,45492695
2021-02-18,75.0999984741211,76.30000305175781,74.5,75.4000015258789,62.05561065673828,23693023
2021-02-19,75.0999984741211,76.30000305175781,74.80000305175781,76.0999984741211,62.6317253112793,17225774
2021-02-22,76.0999984741211,76.5,75.5999984741211,75.80000305175781,62.38481521606445,17923885
2021-02-23,75.5,75.5,74.69999694824219,75.0999984741211,61.80870056152344,16016955
2021-02-24,75.30000305175781,76.9000015258789,75.0999984741211,76.0,62.549415588378906,19336930
2021-02-25,77.0,77.19999694824219,75.5999984741211,75.9000015258789,62.46711349487305,20042010
2021-02-26,75.4000015258789,75.4000015258789,74.5,74.5999984741211,61.397186279296875,30685062
2021-03-02,75.5,75.5,73.9000015258789,73.9000015258789,60.82107925415039,18405519
2021-03-03,74.5,75.5,73.9000015258789,75.5,62.137908935546875,14246907
2021-03-04,75.0,75.19999694824219,74.0999984741211,74.30000305175781,61.15028381347656,12984059
2021-03-05,73.80000305175781,74.19999694824219,73.30000305175781,73.5,60.49187469482422,16224404
2021-03-08,74.0,74.69999694824219,73.19999694824219,73.19999694824219,60.244964599609375,14640189
2021-03-09,73.0999984741211,73.5999984741211,72.5999984741211,72.80000305175781,59.9157600402832,12606324
2021-03-10,73.69999694824219,74.80000305175781,73.5,73.9000015258789,60.82107925415039,9433334
2021-03-11,71.80000305175781,72.0,70.5,72.0,59.257347106933594,39628949
2021-03-12,72.0,72.0,70.69999694824219,71.4000015258789,58.76353073120117,23867099
2021-03-15,71.19999694824219,71.9000015258789,70.80000305175781,71.5,58.84583282470703,13358800
2021-03-16,71.69999694824219,72.19999694824219,71.5,71.5,58.84583282470703,14781469
2021-03-17,72.0,73.0,71.80000305175781,72.30000305175781,59.504249572753906,15492238
2021-03-18,73.0,74.80000305175781,72.9000015258789,74.30000305175781,61.15028381347656,27937393
2021-03-19,74.0,75.0,73.5999984741211,75.0,61.72639846801758,22673803
2021-03-22,75.0,75.0999984741211,73.5999984741211,74.0,60.903377532958984,16020708
2021-03-23,74.0999984741211,74.5,73.19999694824219,74.0,60.903377532958984,16473604
2021-03-24,73.9000015258789,74.9000015258789,73.5999984741211,74.19999694824219,61.0679817199707,12899835
2021-03-25,74.30000305175781,75.80000305175781,74.0999984741211,75.69999694824219,62.30250549316406,21406793
2021-03-26,74.9000015258789,74.9000015258789,73.30000305175781,73.80000305175781,60.73878479003906,47422348
2021-03-29,73.9000015258789,74.19999694824219,73.0999984741211,73.5999984741211,60.57417297363281,20654609
2021-03-30,73.80000305175781,73.9000015258789,73.30000305175781,73.69999694824219,60.65646743774414,14447795
2021-03-31,73.9000015258789,74.30000305175781,73.69999694824219,74.0999984741211,60.985679626464844,12565376
2021-04-01,74.5,74.5,73.4000015258789,73.5,60.49187469482422,13472964
2021-04-07,73.19999694824219,73.4000015258789,72.5,72.80000305175781,59.9157600402832,15348987
2021-04-08,73.19999694824219,74.0,73.0,73.5999984741211,60.57417297363281,16315123
2021-04-09,73.80000305175781,74.0,73.19999694824219,73.30000305175781,60.3272705078125,12773416
2021-04-12,73.30000305175781,73.4000015258789,72.5999984741211,72.69999694824219,59.833457946777344,15982526
2021-04-13,72.5,73.4000015258789,72.5,72.5,59.66884994506836,12608543
2021-04-14,73.30000305175781,73.30000305175781,72.0,73.19999694824219,60.244964599609375,18439811
2021-04-15,73.19999694824219,73.5,72.80000305175781,73.0,60.080360412597656,8279454
2021-04-16,73.30000305175781,73.69999694824219,73.0,73.5,60.49187469482422,11451626
2021-04-19,73.80000305175781,73.9000015258789,73.5,73.80000305175781,60.73878479003906,10847835
2021-04-20,73.9000015258789,74.0,73.5,74.0,60.903377532958984,10585214
2021-04-21,73.9000015258789,74.4000015258789,73.5,74.30000305175781,61.15028381347656,15604319
2021-04-22,74.80000305175781,75.5,74.0,74.0999984741211,60.985679626464844,36340902
2021-04-23,74.5,74.5999984741211,73.5999984741211,73.9000015258789,60.82107925415039,13554978
2021-04-26,74.0999984741211,74.19999694824219,73.5,73.5999984741211,60.57417297363281,13176208
2021-04-27,73.5999984741211,73.5999984741211,73.0999984741211,73.30000305175781,60.3272705078125,12577358
2021-04-28,73.30000305175781,74.0999984741211,73.19999694824219,73.5999984741211,60.57417297363281,10403280
2021-04-29,73.80000305175781,74.30000305175781,73.5,73.5999984741211,60.57417297363281,13475206
2021-05-03,73.5999984741211,73.80000305175781,72.19999694824219,72.19999694824219,59.42194366455078,18439717
2021-05-04,72.19999694824219,72.30000305175781,70.5999984741211,71.5,58.84583282470703,20875084
2021-05-05,71.4000015258789,71.69999694824219,70.80000305175781,70.80000305175781,58.26972198486328,12069729
2021-05-06,70.9000015258789,71.0999984741211,69.5999984741211,69.69999694824219,57.36439895629883,19390152
2021-05-07,70.0,71.19999694824219,70.0,71.0999984741211,58.516624450683594,9279907
2021-05-10,71.19999694824219,71.5,70.5,70.5999984741211,58.10511779785156,7630977
2021-05-11,70.4000015258789,70.5,69.0,69.30000305175781,57.03519821166992,18266455
2021-05-12,70.69999694824219,73.0,68.0,71.0999984741211,58.516624450683594,41994033
2021-05-13,71.5,71.80000305175781,69.19999694824219,70.0999984741211,57.693607330322266,19470237
2021-05-14,70.5,71.19999694824219,70.0999984741211,70.5999984741211,58.10511779785156,7353272
2021-05-17,67.5999984741211,69.69999694824219,67.5999984741211,68.4000015258789,56.29447937011719,14308413
2021-05-18,69.0,70.4000015258789,69.0,70.19999694824219,57.775909423828125,9133011
2021-05-19,69.80000305175781,71.80000305175781,69.80000305175781,71.5,58.84583282470703,11445505
2021-05-20,71.5,72.5999984741211,71.5,72.0999984741211,59.33964538574219,13360244
2021-05-21,72.9000015258789,73.19999694824219,72.0999984741211,72.5,59.66884994506836,10426957
2021-05-24,72.19999694824219,72.9000015258789,72.19999694824219,72.69999694824219,59.833457946777344,7059165
2021-05-25,72.9000015258789,73.19999694824219,72.4000015258789,72.9000015258789,59.99806213378906,11645899
2021-05-26,73.0,73.5,72.9000015258789,73.30000305175781,60.3272705078125,9127931
2021-05-27,73.0,73.4000015258789,72.30000305175781,73.19999694824219,60.244964599609375,13963328
2021-05-28,73.30000305175781,73.4000015258789,73.0,73.19999694824219,60.244964599609375,10769210
2021-05-31,73.0999984741211,73.5,72.69999694824219,73.5,60.49187469482422,8268486
2021-06-01,73.5999984741211,73.80000305175781,73.4000015258789,73.80000305175781,60.73878479003906,6523550
2021-06-02,73.80000305175781,74.30000305175781,73.19999694824219,73.5999984741211,60.57417297363281,7073517
2021-06-03,73.69999694824219,73.9000015258789,73.30000305175781,73.5,60.49187469482422,5354582
2021-06-04,73.19999694824219,73.5999984741211,73.0999984741211,73.4000015258789,60.40956497192383,5737234
2021-06-07,73.80000305175781,73.80000305175781,72.19999694824219,72.9000015258789,59.99806213378906,5477120
2021-06-08,73.30000305175781,73.5,72.9000015258789,73.5,60.49187469482422,4315717
2021-06-09,73.19999694824219,73.5,72.5999984741211,72.69999694824219,59.833457946777344,4786145
2021-06-10,73.19999694824219,73.19999694824219,72.4000015258789,73.0,60.080360412597656,5270777
2021-06-11,72.9000015258789,73.0,72.19999694824219,72.30000305175781,59.504249572753906,8527338
2021-06-15,72.5,73.0,72.0,73.0,60.080360412597656,5359681
2021-06-16,72.80000305175781,73.9000015258789,72.5999984741211,73.80000305175781,60.73878479003906,10092974
2021-06-17,73.30000305175781,74.0,73.19999694824219,74.0,60.903377532958984,4756120
2021-06-18,74.0999984741211,74.9000015258789,74.0,74.69999694824219,61.479496002197266,13804848
2021-06-21,74.19999694824219,74.4000015258789,73.5999984741211,74.4000015258789,61.23258972167969,10604459
2021-06-22,75.0,75.0,74.0999984741211,74.30000305175781,61.15028381347656,10875057
2021-06-23,74.69999694824219,74.69999694824219,74.0,74.5999984741211,61.397186279296875,9023352
2021-06-24,74.69999694824219,75.0,74.4000015258789,74.5,61.31489181518555,9656575
2021-06-25,74.80000305175781,74.9000015258789,74.4000015258789,74.5,61.31489181518555,12607190
2021-06-28,74.5,74.5999984741211,73.80000305175781,74.0,60.903377532958984,12589949
2021-06-29,74.0999984741211,74.30000305175781,73.5999984741211,73.69999694824219,60.65646743774414,21766358
2021-06-30,68.5999984741211,69.5,68.30000305175781,68.80000305175781,60.29608154296875,37482654
2021-07-01,69.0,69.19999694824219,67.9000015258789,68.30000305175781,59.85788345336914,21947031
2021-07-02,68.30000305175781,68.30000305175781,67.80000305175781,68.0,59.5949592590332,11528319
2021-07-05,68.30000305175781,68.9000015258789,67.80000305175781,68.69999694824219,60.20843505859375,13605572
2021-07-06,68.80000305175781,68.9000015258789,68.0999984741211,68.30000305175781,59.85788345336914,7115104
2021-07-07,68.30000305175781,68.30000305175781,68.0,68.30000305175781,59.85788345336914,6991750
2021-07-08,68.5999984741211,68.69999694824219,68.0,68.0999984741211,59.68260192871094,6796783
2021-07-09,68.0,68.0999984741211,67.4000015258789,67.5999984741211,59.24440002441406,13398453
2021-07-12,67.5999984741211,67.80000305175781,66.80000305175781,66.9000015258789,58.630924224853516,13348487
2021-07-13,67.0,68.30000305175781,67.0,68.0,59.5949592590332,12389580
2021-07-14,67.9000015258789,67.9000015258789,67.4000015258789,67.80000305175781,59.41968536376953,8760930
2021-07-15,68.0,68.19999694824219,67.69999694824219,67.9000015258789,59.50732421875,8433734
2021-07-16,67.80000305175781,68.0999984741211,67.5,68.0,59.5949592590332,8334084
2021-07-19,68.0,68.0,67.4000015258789,67.9000015258789,59.50732421875,5002198
2021-07-20,67.5999984741211,67.80000305175781,67.0999984741211,67.19999694824219,58.89384460449219,6486169
2021-07-21,67.4000015258789,67.5,66.9000015258789,67.19999694824219,58.89384460449219,6766388
2021-07-22,67.5999984741211,67.9000015258789,66.80000305175781,67.0999984741211,58.80620574951172,7500851
2021-07-23,67.5,67.5,66.80000305175781,66.80000305175781,58.54328918457031,5985324
2021-07-26,67.0,67.19999694824219,66.5,66.9000015258789,58.630924224853516,5396136
2021-07-27,67.30000305175781,68.19999694824219,67.19999694824219,68.0,59.5949592590332,9708696
2021-07-28,68.0,68.0,66.80000305175781,67.80000305175781,59.41968536376953,7629038
2021-07-29,67.9000015258789,68.0,67.19999694824219,67.5999984741211,59.24440002441406,4665563
2021-07-30,67.5999984741211,67.80000305175781,66.9000015258789,67.30000305175781,58.98148727416992,7610542
2021-08-02,67.30000305175781,67.30000305175781,66.69999694824219,67.0999984741211,58.80620574951172,4522348
2021-08-03,67.0,67.4000015258789,66.80000305175781,67.0999984741211,58.80620574951172,4155274
2021-08-04,67.0999984741211,67.19999694824219,66.69999694824219,67.19999694824219,58.89384460449219,5026025
2021-08-05,67.4000015258789,68.80000305175781,67.4000015258789,68.80000305175781,60.29608154296875,16453946
2021-08-06,69.0,69.0,68.0,68.30000305175781,59.85788345336914,6027648
2021-08-09,68.0,68.0,67.4000015258789,67.5,59.15676498413086,5144629
2021-08-10,67.80000305175781,68.0,67.19999694824219,68.0,59.5949592590332,4131467
2021-08-11,68.0999984741211,68.19999694824219,67.5,67.80000305175781,59.41968536376953,7689461
2021-08-12,67.5999984741211,67.69999694824219,66.5999984741211,66.5999984741211,58.368003845214844,9450231
2021-08-13,66.5999984741211,66.69999694824219,65.5999984741211,65.69999694824219,57.579246520996094,9128900
2021-08-16,65.5,65.5999984741211,64.5,64.5,56.5275764465332,9369223
2021-08-17,64.5999984741211,64.80000305175781,64.0,64.5,56.5275764465332,7565908
2021-08-18,64.30000305175781,64.30000305175781,63.5,64.0999984741211,56.1770133972168,7021688
2021-08-19,64.30000305175781,64.5999984741211,63.79999923706055,64.5,56.5275764465332,7807425
2021-08-20,64.80000305175781,64.80000305175781,64.0,64.19999694824219,56.264652252197266,5097072
2021-08-23,64.5,64.80000305175781,64.30000305175781,64.5,56.5275764465332,3074182
2021-08-24,64.80000305175781,65.19999694824219,64.5999984741211,64.9000015258789,56.878135681152344,3378504
2021-08-25,65.0,65.0999984741211,64.0999984741211,64.30000305175781,56.352294921875,7375548
2021-08-26,64.5999984741211,64.9000015258789,64.4000015258789,64.5999984741211,56.61521530151367,4274124
2021-08-27,64.5999984741211,64.80000305175781,64.30000305175781,64.69999694824219,56.702850341796875,3802389
2021-08-30,64.80000305175781,64.9000015258789,64.30000305175781,64.5999984741211,56.61521530151367,4372640
2021-08-31,64.5,65.19999694824219,64.4000015258789,64.80000305175781,56.790496826171875,9491337
2021-09-01,64.5,65.4000015258789,64.5,64.9000015258789,56.878135681152344,4913060
2021-09-02,64.9000015258789,65.0,64.5,64.5,56.5275764465332,2997358
2021-09-03,64.80000305175781,65.30000305175781,64.69999694824219,65.30000305175781,57.22869110107422,4112605
2021-09-06,65.69999694824219,65.69999694824219,65.0999984741211,65.30000305175781,57.22869110107422,3215284
2021-09-07,65.5,65.5,64.80000305175781,65.0999984741211,57.053409576416016,2595794
2021-09-08,64.9000015258789,65.0,64.30000305175781,64.4000015258789,56.43993377685547,5844845
2021-09-09,64.19999694824219,64.30000305175781,63.70000076293945,64.19999694824219,56.264652252197266,4127224
2021-09-10,64.30000305175781,65.0,64.0999984741211,65.0,56.96577072143555,2267314
2021-09-13,65.0,65.19999694824219,64.4000015258789,65.19999694824219,57.141048431396484,2974847
2021-09-14,65.19999694824219,65.19999694824219,64.5,64.5,56.5275764465332,2556190
2021-09-15,64.5,65.0,64.5,64.5999984741211,56.61521530151367,2926852
2021-09-16,64.9000015258789,65.30000305175781,64.5999984741211,64.9000015258789,56.878135681152344,2042747
2021-09-17,65.0,65.4000015258789,64.69999694824219,64.69999694824219,56.702850341796875,7100354
2021-09-22,64.19999694824219,65.5999984741211,64.0999984741211,65.5999984741211,57.491607666015625,7036035
2021-09-23,65.9000015258789,66.4000015258789,65.30000305175781,66.0999984741211,57.929805755615234,6501416
2021-09-24,66.5999984741211,67.80000305175781,66.5999984741211,67.0999984741211,58.80620574951172,10779233
2021-09-27,67.5,67.5999984741211,66.80000305175781,67.19999694824219,58.89384460449219,5251452
2021-09-28,66.80000305175781,67.0,66.30000305175781,66.5,58.28036880493164,3726577
2021-09-29,65.69999694824219,66.0,65.4000015258789,65.80000305175781,57.666893005371094,5169035
2021-09-30,65.9000015258789,67.0,65.5999984741211,67.0,58.718563079833984,4774803
2021-10-01,66.4000015258789,66.5999984741211,65.69999694824219,66.0,57.842166900634766,5972811
2021-10-04,66.30000305175781,67.0,66.0999984741211,66.0999984741211,57.929805755615234,5177629
2021-10-05,65.9000015258789,66.5,65.5999984741211,66.4000015258789,58.19272994995117,4323226
2021-10-06,66.5999984741211,66.80000305175781,65.80000305175781,66.5,58.28036880493164,4896563
2021-10-07,67.0,67.4000015258789,66.69999694824219,66.80000305175781,58.54328918457031,5459250
2021-10-08,67.0,67.30000305175781,66.80000305175781,66.80000305175781,58.54328918457031,2778937
2021-10-12,66.80000305175781,67.9000015258789,66.5999984741211,67.69999694824219,59.3320426940918,8467019
2021-10-13,67.9000015258789,68.0,67.5,67.80000305175781,59.41968536376953,5749555
2021-10-14,68.0999984741211,68.0999984741211,67.4000015258789,67.4000015258789,59.06912612915039,3828638
2021-10-15,67.5,67.80000305175781,67.19999694824219,67.69999694824219,59.3320426940918,3893648
2021-10-18,67.9000015258789,68.0999984741211,67.5,67.80000305175781,59.41968536376953,4573404
2021-10-19,68.0,68.19999694824219,67.69999694824219,67.9000015258789,59.50732421875,5587834
2021-10-20,68.0999984741211,68.5,67.80000305175781,67.80000305175781,59.41968536376953,5166012
2021-10-21,68.0,68.19999694824219,67.4000015258789,67.4000015258789,59.06912612915039,7193522
2021-10-22,67.69999694824219,67.80000305175781,67.0999984741211,67.4000015258789,59.06912612915039,4364547
2021-10-25,67.0999984741211,67.4000015258789,67.0999984741211,67.0999984741211,58.80620574951172,2576838
2021-10-26,67.4000015258789,67.9000015258789,67.0999984741211,67.9000015258789,59.50732421875,4208690
2021-10-27,67.5999984741211,68.0,67.30000305175781,67.69999694824219,59.3320426940918,3077900
2021-10-28,67.69999694824219,68.0,67.5,67.9000015258789,59.50732421875,2562415
2021-10-29,68.0,68.0999984741211,67.5999984741211,68.0,59.5949592590332,4405882
2021-11-01,68.0999984741211,68.0999984741211,67.4000015258789,68.0999984741211,59.68260192871094,4129491
2021-11-02,69.0999984741211,70.9000015258789,69.0,69.30000305175781,60.734283447265625,25318584
2021-11-03,69.9000015258789,70.0,69.0999984741211,69.5,60.9095573425293,7653753
2021-11-04,69.80000305175781,69.80000305175781,69.0,69.30000305175781,60.734283447265625,3874026
2021-11-05,69.0999984741211,69.19999694824219,68.30000305175781,69.0,60.47135925292969,4939085
2021-11-08,69.30000305175781,69.5,68.0,68.5,60.03316116333008,5559506
2021-11-09,68.5,69.0,68.0999984741211,69.0,60.47135925292969,4320447
2021-11-10,68.9000015258789,68.9000015258789,68.19999694824219,68.4000015258789,59.945526123046875,4849429
2021-11-11,68.30000305175781,68.30000305175781,67.5999984741211,67.9000015258789,59.50732421875,5746397
2021-11-12,67.5,67.69999694824219,66.80000305175781,67.69999694824219,59.3320426940918,9532347
2021-11-15,68.0,68.5999984741211,67.80000305175781,68.0,59.5949592590332,5519459
2021-11-16,68.0,68.5,68.0,68.4000015258789,59.945526123046875,4925178
2021-11-17,68.69999694824219,69.19999694824219,68.0,68.0,59.5949592590332,6364629
2021-11-18,68.0999984741211,68.5999984741211,68.0999984741211,68.30000305175781,59.85788345336914,4308572
2021-11-19,68.4000015258789,68.5999984741211,68.0,68.0999984741211,59.68260192871094,3611776
2021-11-22,68.19999694824219,68.69999694824219,68.0,68.19999694824219,59.77023696899414,4174989
2021-11-23,68.5999984741211,68.5999984741211,68.0999984741211,68.30000305175781,59.85788345336914,3945912
2021-11-24,68.5,68.5999984741211,68.0,68.0999984741211,59.68260192871094,3427835
2021-11-25,68.0999984741211,68.19999694824219,67.5999984741211,67.80000305175781,59.41968536376953,5382805
2021-11-26,67.5,67.9000015258789,67.30000305175781,67.30000305175781,58.98148727416992,4106246
2021-11-29,66.69999694824219,67.19999694824219,66.5999984741211,67.0,58.718563079833984,4963262
2021-11-30,66.9000015258789,67.4000015258789,66.5999984741211,66.5999984741211,58.368003845214844,11283167
2021-12-01,66.5,67.19999694824219,66.4000015258789,66.9000015258789,58.630924224853516,4639518
2021-12-02,66.69999694824219,67.0999984741211,66.19999694824219,66.4000015258789,58.19272994995117,7569771
2021-12-03,66.5,66.80000305175781,66.0999984741211,66.4000015258789,58.19272994995117,5652581
2021-12-06,66.4000015258789,67.0,66.0999984741211,66.9000015258789,58.630924224853516,5809634
2021-12-07,67.0,67.0999984741211,66.5999984741211,66.80000305175781,58.54328918457031,4448582
2021-12-08,67.0,67.4000015258789,66.69999694824219,67.0999984741211,58.80620574951172,5323189
2021-12-09,67.30000305175781,68.0,67.19999694824219,68.0,59.5949592590332,5642839
2021-12-10,68.0,68.5,67.69999694824219,67.9000015258789,59.50732421875,2963328
2021-12-13,68.4000015258789,68.4000015258789,67.4000015258789,67.4000015258789,59.06912612915039,3740581
2021-12-14,67.30000305175781,67.69999694824219,67.0999984741211,67.5,59.15676498413086,3502873
2021-12-15,67.5,67.69999694824219,67.0999984741211,67.69999694824219,59.3320426940918,3207119
2021-12-16,68.0,68.0,67.5999984741211,67.9000015258789,59.50732421875,3551921
2021-12-17,67.9000015258789,68.30000305175781,67.5999984741211,68.19999694824219,59.77023696899414,6410644
2021-12-20,68.19999694824219,68.5,67.80000305175781,68.5,60.03316116333008,5383388
2021-12-21,68.30000305175781,68.80000305175781,68.0999984741211,68.69999694824219,60.20843505859375,4877677
2021-12-22,68.80000305175781,68.80000305175781,68.4000015258789,68.5,60.03316116333008,3009734
2021-12-23,68.5,68.69999694824219,68.19999694824219,68.69999694824219,60.20843505859375,4013671
2021-12-24,68.5,68.80000305175781,68.5,68.69999694824219,60.20843505859375,3032273
2021-12-27,68.5999984741211,69.0,68.4000015258789,69.0,60.47135925292969,4464836
2021-12-28,69.0,69.4000015258789,68.80000305175781,69.4000015258789,60.82191848754883,6672936
2021-12-29,69.4000015258789,69.4000015258789,69.0,69.30000305175781,60.734283447265625,3360929
2021-12-30,69.0999984741211,69.19999694824219,69.0,69.0999984741211,60.55899429321289,4093380
2022-01-03,69.0999984741211,69.5999984741211,68.80000305175781,68.9000015258789,60.38371658325195,4431270
2022-01-04,69.0,69.0,68.0,68.30000305175781,59.85788345336914,5925687
2022-01-05,68.0999984741211,69.0999984741211,68.0999984741211,68.9000015258789,60.38371658325195,5768488
2022-01-06,68.9000015258789,69.30000305175781,68.5999984741211,69.30000305175781,60.734283447265625,8158859
2022-01-07,69.4000015258789,69.5,68.5999984741211,69.0999984741211,60.55899429321289,4327568
2022-01-10,69.0,69.0,68.30000305175781,68.80000305175781,60.29608154296875,2743378
2022-01-11,68.5999984741211,69.19999694824219,68.5,69.0999984741211,60.55899429321289,4959735
2022-01-12,69.0999984741211,69.30000305175781,68.5999984741211,69.30000305175781,60.734283447265625,4113063
2022-01-13,69.4000015258789,69.5,68.69999694824219,69.30000305175781,60.734283447265625,4011481
2022-01-14,69.5,69.80000305175781,68.80000305175781,69.0,60.47135925292969,5521512
2022-01-17,69.0,69.30000305175781,68.69999694824219,69.0,60.47135925292969,3531620
2022-01-18,69.19999694824219,70.9000015258789,69.0999984741211,70.4000015258789,61.69831848144531,20218648
2022-01-19,70.30000305175781,71.0999984741211,70.0999984741211,71.0,62.224151611328125,13936620
2022-01-20,71.0,71.0,70.4000015258789,70.9000015258789,62.13650894165039,5383453
2022-01-21,70.5,70.80000305175781,69.80000305175781,70.4000015258789,61.69831848144531,8176255
2022-01-24,70.19999694824219,70.9000015258789,69.5999984741211,70.80000305175781,62.04887390136719,7275015
2022-01-25,70.5,70.5999984741211,69.5,69.9000015258789,61.26011657714844,6313794
2022-01-26,70.0,70.0999984741211,69.0999984741211,69.30000305175781,60.734283447265625,4928822
2022-02-07,69.0999984741211,69.80000305175781,68.5999984741211,69.5999984741211,60.9971923828125,6589578
2022-02-08,69.80000305175781,69.9000015258789,69.30000305175781,69.69999694824219,61.084835052490234,2982171
2022-02-09,70.0,70.80000305175781,69.69999694824219,70.80000305175781,62.04887390136719,8430137
2022-02-10,70.69999694824219,71.4000015258789,70.30000305175781,70.80000305175781,62.04887390136719,7079698
2022-02-11,70.30000305175781,70.5999984741211,70.0,70.5999984741211,61.873592376708984,2704720
2022-02-14,70.0,70.0999984741211,69.30000305175781,69.5999984741211,60.9971923828125,3699237
2022-02-15,69.5999984741211,69.80000305175781,69.0999984741211,69.0999984741211,60.55899429321289,3558216
2022-02-16,69.5,69.9000015258789,69.30000305175781,69.80000305175781,61.17247772216797,4143288
2022-02-17,70.0,70.5,69.69999694824219,70.30000305175781,61.61067581176758,4370520
2022-02-18,69.80000305175781,70.19999694824219,69.5,70.0999984741211,61.435394287109375,2390910
2022-02-21,69.69999694824219,70.19999694824219,69.4000015258789,70.0999984741211,61.435394287109375,2170867
2022-02-22,69.80000305175781,70.0,69.0,69.5999984741211,60.9971923828125,4388156
2022-02-23,69.30000305175781,69.80000305175781,69.0999984741211,69.80000305175781,61.17247772216797,3425108
2022-02-24,69.0999984741211,69.4000015258789,68.4000015258789,69.0,60.47135925292969,7283980
2022-02-25,69.0,69.19999694824219,68.5,69.0999984741211,60.55899429321289,6456862
2022-03-01,69.0999984741211,70.69999694824219,68.9000015258789,70.30000305175781,61.61067581176758,9026306
2022-03-02,70.0,70.30000305175781,69.69999694824219,69.9000015258789,61.26011657714844,4605916
2022-03-03,70.5,70.5,69.80000305175781,70.19999694824219,61.523033142089844,3115627
2022-03-04,69.5999984741211,69.80000305175781,69.4000015258789,69.69999694824219,61.084835052490234,3160769
2022-03-07,69.0,69.19999694824219,67.5,67.5999984741211,59.24440002441406,10779701
2022-03-08,67.5999984741211,69.0,67.5999984741211,68.5999984741211,60.12080001831055,10554055
2022-03-09,68.80000305175781,69.0,68.19999694824219,68.9000015258789,60.38371658325195,5180505
2022-03-10,69.0,69.69999694824219,68.9000015258789,69.5999984741211,60.9971923828125,5687218
2022-03-11,70.4000015258789,71.0,70.0999984741211,70.4000015258789,61.69831848144531,16073082
2022-03-14,70.69999694824219,71.80000305175781,70.4000015258789,71.5999984741211,62.74998474121094,14679844
2022-03-15,71.5999984741211,71.5999984741211,70.80000305175781,71.5999984741211,62.74998474121094,11145970
2022-03-16,71.69999694824219,72.0999984741211,71.30000305175781,72.0999984741211,63.18818664550781,11901770
2022-03-17,72.9000015258789,73.0,72.0999984741211,72.9000015258789,63.88930892944336,12292320
2022-03-18,72.80000305175781,72.9000015258789,72.30000305175781,72.80000305175781,63.801666259765625,26567936
2022-03-21,72.69999694824219,72.69999694824219,71.80000305175781,71.9000015258789,63.012908935546875,5052672
2022-03-22,71.9000015258789,73.0,71.4000015258789,72.80000305175781,63.801666259765625,9803791
2022-03-23,72.80000305175781,73.0,72.4000015258789,73.0,63.97694396972656,8018674
2022-03-24,73.0,73.69999694824219,72.69999694824219,73.5999984741211,64.5027847290039,11866845
2022-03-25,73.5,73.5999984741211,72.9000015258789,73.5999984741211,64.5027847290039,6764174
2022-03-28,72.9000015258789,73.0,72.19999694824219,72.80000305175781,63.801666259765625,5757015
2022-03-29,72.5,73.0,72.5,72.80000305175781,63.801666259765625,4988337
2022-03-30,73.0,73.0999984741211,72.5,72.69999694824219,63.714027404785156,4575031
2022-03-31,72.5,72.5999984741211,72.0,72.4000015258789,63.451107025146484,5768541
2022-04-01,71.80000305175781,72.5,71.5999984741211,72.5,63.53874206542969,5344974
2022-04-06,72.5,72.5,71.19999694824219,71.5999984741211,62.74998474121094,5851733
2022-04-07,70.9000015258789,71.69999694824219,70.80000305175781,71.0999984741211,62.311790466308594,9855956
2022-04-08,71.0999984741211,71.69999694824219,71.0999984741211,71.5999984741211,62.74998474121094,4883318
2022-04-11,71.69999694824219,71.69999694824219,70.5,70.80000305175781,62.04887390136719,4708006
2022-04-12,70.5999984741211,71.80000305175781,70.5999984741211,71.0,62.224151611328125,7465376
2022-04-13,71.30000305175781,71.5999984741211,70.9000015258789,71.5,62.662349700927734,5927432
2022-04-14,71.19999694824219,71.5999984741211,71.0,71.5,62.662349700927734,2906201
2022-04-15,71.19999694824219,71.19999694824219,70.19999694824219,70.30000305175781,61.61067581176758,5114052
2022-04-18,69.9000015258789,70.80000305175781,69.5,70.5,61.78594970703125,3744694
2022-04-19,70.9000015258789,70.9000015258789,70.0,70.0,61.34775161743164,3583919
2022-04-20,70.0999984741211,71.5999984741211,70.0999984741211,70.69999694824219,61.96122741699219,9935826
2022-04-21,71.0999984741211,71.9000015258789,71.0,71.9000015258789,63.012908935546875,7413071
2022-04-22,70.80000305175781,72.0,70.80000305175781,72.0,63.10055160522461,8667238
2022-04-25,70.5,70.69999694824219,70.0,70.5,61.78594970703125,10440086
2022-04-26,70.5999984741211,71.69999694824219,70.5,71.30000305175781,62.48707580566406,9359467
2022-04-27,70.4000015258789,70.5,69.5999984741211,69.9000015258789,61.26011657714844,4835448
2022-04-28,69.5,69.80000305175781,68.80000305175781,69.4000015258789,60.82191848754883,8291186
2022-04-29,69.5999984741211,70.30000305175781,69.5999984741211,70.30000305175781,61.61067581176758,5594517
2022-05-03,70.19999694824219,70.4000015258789,69.80000305175781,70.4000015258789,61.69831848144531,2505618
2022-05-04,70.5999984741211,70.9000015258789,70.0999984741211,70.5,61.78594970703125,2497985
2022-05-05,70.80000305175781,71.19999694824219,70.5,70.9000015258789,62.13650894165039,3480691
2022-05-06,69.80000305175781,70.5999984741211,69.69999694824219,70.5999984741211,61.873592376708984,3604671
2022-05-09,69.80000305175781,70.0,69.4000015258789,69.4000015258789,60.82191848754883,4401365
2022-05-10,69.0,69.80000305175781,68.80000305175781,69.69999694824219,61.084835052490234,6066707
2022-05-11,69.0,69.30000305175781,68.5,68.5,60.03316116333008,4713779
2022-05-12,68.19999694824219,68.5999984741211,67.5,67.69999694824219,59.3320426940918,7841637
2022-05-13,67.30000305175781,67.4000015258789,64.0,64.5999984741211,56.61521530151367,18492401
2022-05-16,65.30000305175781,65.30000305175781,64.19999694824219,64.19999694824219,56.264652252197266,8043414
2022-05-17,64.4000015258789,65.19999694824219,64.4000015258789,64.5,56.5275764465332,7406877
2022-05-18,64.4000015258789,65.5,64.30000305175781,65.19999694824219,57.141048431396484,6564070
2022-05-19,64.4000015258789,65.19999694824219,64.4000015258789,64.69999694824219,56.702850341796875,6023999
2022-05-20,65.4000015258789,65.9000015258789,65.0,65.30000305175781,57.22869110107422,3457812
2022-05-23,65.80000305175781,65.80000305175781,65.0,65.30000305175781,57.22869110107422,3293379
2022-05-24,65.0999984741211,65.4000015258789,64.9000015258789,64.9000015258789,56.878135681152344,3501030
2022-05-25,65.30000305175781,66.30000305175781,65.0999984741211,65.9000015258789,57.7545280456543,4405039
2022-05-26,65.9000015258789,66.5999984741211,65.9000015258789,65.9000015258789,57.7545280456543,4647848
2022-05-27,66.5,67.19999694824219,66.4000015258789,67.0,58.718563079833984,4641477
2022-05-30,68.0,68.5,67.0999984741211,68.30000305175781,59.85788345336914,5752672
2022-05-31,68.30000305175781,69.5999984741211,67.80000305175781,69.5999984741211,60.9971923828125,15174816
2022-06-01,69.30000305175781,69.5999984741211,68.69999694824219,69.19999694824219,60.64663314819336,3179605
2022-06-02,68.69999694824219,69.4000015258789,68.4000015258789,68.9000015258789,60.38371658325195,4877279
2022-06-06,69.5,69.5,68.69999694824219,69.5,60.9095573425293,3689796
2022-06-07,69.30000305175781,69.5,68.69999694824219,69.19999694824219,60.64663314819336,4771041
2022-06-08,69.30000305175781,69.80000305175781,69.19999694824219,69.19999694824219,60.64663314819336,4931511
2022-06-09,69.0999984741211,69.69999694824219,69.0,69.4000015258789,60.82191848754883,3374844
2022-06-10,68.5,69.19999694824219,68.30000305175781,68.69999694824219,60.20843505859375,3829321
2022-06-13,68.19999694824219,69.0,67.5999984741211,68.69999694824219,60.20843505859375,5210032
2022-06-14,68.19999694824219,68.9000015258789,68.0,68.5999984741211,60.12080001831055,3284469
2022-06-15,68.5999984741211,69.19999694824219,68.5,68.80000305175781,60.29608154296875,3953533
2022-06-16,69.30000305175781,69.80000305175781,68.80000305175781,68.80000305175781,60.29608154296875,6004343
2022-06-17,68.19999694824219,69.9000015258789,67.9000015258789,69.9000015258789,61.26011657714844,9514295
2022-06-20,69.4000015258789,69.69999694824219,67.9000015258789,68.30000305175781,59.85788345336914,7422151
2022-06-21,68.9000015258789,69.5999984741211,68.0999984741211,69.0999984741211,60.55899429321289,7369028
2022-06-22,69.19999694824219,69.4000015258789,68.19999694824219,68.19999694824219,59.77023696899414,5328819
2022-06-23,68.69999694824219,68.9000015258789,67.30000305175781,67.5,59.15676498413086,5603116
2022-06-24,68.0,68.5999984741211,67.80000305175781,68.5,60.03316116333008,4685394
2022-06-27,69.0,69.19999694824219,68.5,68.69999694824219,60.20843505859375,6275031
2022-06-28,68.5,68.9000015258789,68.0,68.19999694824219,59.77023696899414,4936488
2022-06-29,67.9000015258789,67.9000015258789,66.80000305175781,66.80000305175781,58.54328918457031,12383271
2022-06-30,59.900001525878906,60.5,56.900001525878906,57.0,53.9974365234375,29301268
2022-07-01,57.400001525878906,58.5,56.900001525878906,57.099998474121094,54.092166900634766,9730280
2022-07-04,57.400001525878906,57.79999923706055,55.29999923706055,55.70000076293945,52.76591491699219,8452684
2022-07-05,56.79999923706055,56.900001525878906,55.5,56.400001525878906,53.42904281616211,5454284
2022-07-06,56.5,56.599998474121094,55.099998474121094,55.099998474121094,52.1975212097168,5674408
2022-07-07,55.29999923706055,57.29999923706055,55.29999923706055,56.70000076293945,53.71324157714844,4812074
2022-07-08,56.5,57.79999923706055,56.20000076293945,57.400001525878906,54.376365661621094,4897669
2022-07-11,57.5,57.79999923706055,57.0,57.400001525878906,54.376365661621094,2675661
2022-07-12,56.79999923706055,57.0,56.099998474121094,56.70000076293945,53.71324157714844,4152009
2022-07-13,57.099998474121094,58.29999923706055,57.099998474121094,57.70000076293945,54.66056442260742,4936330
2022-07-14,57.70000076293945,59.5,57.5,59.20000076293945,56.081546783447266,5405791
2022-07-15,59.099998474121094,59.400001525878906,58.599998474121094,58.70000076293945,55.607887268066406,2342554
2022-07-18,58.70000076293945,59.0,58.099998474121094,58.70000076293945,55.607887268066406,6741810
2022-07-19,58.400001525878906,58.79999923706055,58.099998474121094,58.79999923706055,55.70261764526367,7232975
2022-07-20,58.900001525878906,59.70000076293945,58.79999923706055,59.400001525878906,56.27101516723633,7230054
2022-07-21,59.29999923706055,60.599998474121094,59.20000076293945,60.5,57.31306838989258,8190275
2022-07-22,60.20000076293945,61.0,60.099998474121094,60.900001525878906,57.69199752807617,7014125
2022-07-25,60.900001525878906,62.0,60.599998474121094,61.599998474121094,58.35512161254883,2795390
2022-07-26,61.70000076293945,61.900001525878906,60.599998474121094,60.79999923706055,57.59726333618164,3105209
2022-07-27,61.29999923706055,61.599998474121094,60.70000076293945,61.599998474121094,58.35512161254883,2156948
2022-07-28,62.0,62.400001525878906,61.29999923706055,62.29999923706055,59.01824951171875,4045126
2022-07-29,62.900001525878906,63.0,62.099998474121094,62.20000076293945,58.923519134521484,8065602
2022-08-01,62.400001525878906,62.79999923706055,62.20000076293945,62.29999923706055,59.01824951171875,3538340
2022-08-02,61.599998474121094,63.0,61.599998474121094,63.0,59.68137741088867,6581528
2022-08-03,62.5,63.20000076293945,62.400001525878906,63.099998474121094,59.77610778808594,4760877
2022-08-04,63.099998474121094,63.29999923706055,62.29999923706055,63.0,59.68137741088867,3675380
2022-08-05,62.599998474121094,62.79999923706055,61.599998474121094,62.0,58.73405456542969,6490263
2022-08-08,61.70000076293945,62.20000076293945,61.400001525878906,62.099998474121094,58.82878494262695,3411393
2022-08-09,62.099998474121094,62.900001525878906,61.900001525878906,62.70000076293945,59.397178649902344,3824063
2022-08-10,62.400001525878906,63.400001525878906,62.29999923706055,63.0,59.68137741088867,4128465
2022-08-11,64.30000305175781,64.30000305175781,63.400001525878906,63.70000076293945,60.344505310058594,3556622
2022-08-12,65.4000015258789,66.0,64.0,64.5,61.10236358642578,6377517
2022-08-15,64.0999984741211,64.30000305175781,62.70000076293945,63.0,59.68137741088867,6061509
2022-08-16,62.5,63.099998474121094,62.20000076293945,62.20000076293945,58.923519134521484,6049390
2022-08-17,62.29999923706055,63.0,62.20000076293945,62.79999923706055,59.491912841796875,3437691
2022-08-18,62.5,63.099998474121094,62.29999923706055,63.0,59.68137741088867,2654809
2022-08-19,62.599998474121094,63.5,62.5,63.0,59.68137741088867,3424595
2022-08-22,62.900001525878906,64.19999694824219,62.70000076293945,64.19999694824219,60.81816101074219,3319000
2022-08-23,64.19999694824219,64.5999984741211,63.70000076293945,64.19999694824219,60.81816101074219,4840192
2022-08-24,64.5999984741211,64.69999694824219,63.599998474121094,63.599998474121094,60.24977111816406,2860981
2022-08-25,64.0999984741211,64.4000015258789,63.599998474121094,63.79999923706055,60.43923568725586,2106956
2022-08-26,64.0,64.4000015258789,64.0,64.19999694824219,60.81816101074219,2187591
2022-08-29,62.79999923706055,63.70000076293945,62.599998474121094,63.29999923706055,59.965572357177734,2986570
2022-08-30,64.0,64.5999984741211,63.5,64.0999984741211,60.72343063354492,4260655
2022-08-31,63.900001525878906,64.30000305175781,63.20000076293945,63.599998474121094,60.24977111816406,6891910
2022-09-01,63.0,63.099998474121094,62.5,63.099998474121094,59.77610778808594,3684291
2022-09-02,62.5,62.900001525878906,62.099998474121094,62.099998474121094,58.82878494262695,5573205
2022-09-05,63.79999923706055,65.0,63.29999923706055,64.5,61.10236358642578,9503410
2022-09-06,65.0,65.0,64.0999984741211,64.5,61.10236358642578,4762075
2022-09-07,63.79999923706055,64.4000015258789,63.099998474121094,64.4000015258789,61.00762939453125,4858034
2022-09-08,64.5999984741211,64.5999984741211,63.29999923706055,63.70000076293945,60.344505310058594,4846572
2022-09-12,64.80000305175781,64.80000305175781,63.70000076293945,63.900001525878906,60.53396987915039,4394159
2022-09-13,64.5999984741211,65.5,64.19999694824219,65.5,62.049686431884766,7528509
2022-09-14,64.0999984741211,64.5999984741211,63.400001525878906,63.400001525878906,60.060306549072266,7927554
2022-09-15,63.599998474121094,64.30000305175781,63.5,63.70000076293945,60.344505310058594,6031485
2022-09-16,63.099998474121094,63.79999923706055,62.70000076293945,63.5,60.15503692626953,13303824
2022-09-19,63.79999923706055,63.900001525878906,62.900001525878906,63.099998474121094,59.77610778808594,7074245
2022-09-20,63.29999923706055,64.0999984741211,63.29999923706055,63.70000076293945,60.344505310058594,8243326
2022-09-21,63.70000076293945,64.0,62.400001525878906,63.099998474121094,59.77610778808594,8896375
2022-09-22,62.20000076293945,62.29999923706055,61.099998474121094,61.5,58.26039123535156,10115606
2022-09-23,60.5,61.20000076293945,60.29999923706055,60.400001525878906,57.21833801269531,5752521
2022-09-26,59.79999923706055,60.099998474121094,59.29999923706055,59.29999923706055,56.1762809753418,5725684
2022-09-27,59.400001525878906,60.900001525878906,59.099998474121094,59.5,56.365745544433594,6167350
2022-09-28,59.599998474121094,60.20000076293945,59.0,59.20000076293945,56.081546783447266,5877190
2022-09-29,60.5,60.5,58.900001525878906,59.20000076293945,56.081546783447266,5656200
2022-09-30,59.099998474121094,59.400001525878906,58.0,58.5,55.41842269897461,7433308
2022-10-03,57.29999923706055,58.099998474121094,57.0,57.5,54.47109603881836,4093904
2022-10-04,58.20000076293945,59.70000076293945,58.20000076293945,59.099998474121094,55.986812591552734,5443224
2022-10-05,59.29999923706055,59.70000076293945,58.900001525878906,59.29999923706055,56.1762809753418,5748528
2022-10-06,58.599998474121094,59.400001525878906,58.099998474121094,59.0,55.89208221435547,5148998
2022-10-07,58.400001525878906,58.900001525878906,58.20000076293945,58.20000076293945,55.13422393798828,3382120
2022-10-11,57.599998474121094,57.79999923706055,56.900001525878906,57.29999923706055,54.28163146972656,6240999
2022-10-12,57.0,57.900001525878906,56.79999923706055,57.29999923706055,54.28163146972656,3545508
2022-10-13,57.099998474121094,57.5,56.599998474121094,57.20000076293945,54.1869010925293,3997302
2022-10-14,57.70000076293945,58.20000076293945,57.20000076293945,57.29999923706055,54.28163146972656,4052317
2022-10-17,57.400001525878906,58.099998474121094,56.70000076293945,57.599998474121094,54.56583023071289,7034478
2022-10-18,57.70000076293945,57.70000076293945,56.20000076293945,56.599998474121094,53.61850357055664,9649853
2022-10-19,56.20000076293945,57.400001525878906,55.900001525878906,56.70000076293945,53.71324157714844,5278369
2022-10-20,55.29999923706055,56.29999923706055,54.70000076293945,55.900001525878906,52.95538330078125,10763723
2022-10-21,56.29999923706055,57.0,55.400001525878906,56.0,53.050113677978516,3445624
2022-10-24,56.70000076293945,57.20000076293945,56.20000076293945,56.900001525878906,53.902706146240234,4545762
2022-10-25,57.20000076293945,57.20000076293945,56.0,56.20000076293945,53.23957824707031,4526479
2022-10-26,56.29999923706055,56.900001525878906,55.900001525878906,56.70000076293945,53.71324157714844,3292452
2022-10-27,57.0,57.0,56.29999923706055,56.70000076293945,53.71324157714844,4336389
2022-10-28,57.20000076293945,57.400001525878906,56.5,56.70000076293945,53.71324157714844,3973300
2022-10-31,57.79999923706055,59.0,57.70000076293945,59.0,55.89208221435547,6516580
2022-11-01,59.0,59.099998474121094,58.099998474121094,58.400001525878906,55.323692321777344,3061411
2022-11-02,58.0,58.70000076293945,57.5,57.5,54.47109603881836,3279988
2022-11-03,56.599998474121094,56.900001525878906,56.099998474121094,56.400001525878906,53.42904281616211,4019998
2022-11-04,56.0,56.900001525878906,56.0,56.900001525878906,53.902706146240234,4604314
2022-11-07,57.29999923706055,57.79999923706055,56.79999923706055,57.70000076293945,54.66056442260742,2507004
2022-11-08,57.70000076293945,58.20000076293945,57.29999923706055,58.099998474121094,55.03948974609375,4947804
2022-11-09,58.099998474121094,58.5,57.79999923706055,58.400001525878906,55.323692321777344,3518534
2022-11-10,58.20000076293945,58.900001525878906,58.099998474121094,58.70000076293945,55.607887268066406,3393084
2022-11-11,59.599998474121094,60.29999923706055,59.0,60.0,56.83940505981445,8605034
2022-11-14,60.5,60.79999923706055,59.29999923706055,60.400001525878906,57.21833801269531,6026402
2022-11-15,60.0,60.900001525878906,59.5,60.599998474121094,57.407798767089844,4239263
2022-11-16,59.70000076293945,60.599998474121094,59.599998474121094,60.400001525878906,57.21833801269531,6258354
2022-11-17,59.79999923706055,60.5,59.400001525878906,60.29999923706055,57.12360382080078,4201932
2022-11-18,59.5,60.400001525878906,59.400001525878906,60.29999923706055,57.12360382080078,3870918
2022-11-21,60.099998474121094,60.5,59.0,59.400001525878906,56.27101516723633,3118559
2022-11-22,59.5,59.599998474121094,58.900001525878906,59.29999923706055,56.1762809753418,3923427
2022-11-23,59.400001525878906,59.5,59.0,59.20000076293945,56.081546783447266,2151028
2022-11-24,59.900001525878906,60.20000076293945,59.400001525878906,60.20000076293945,57.028873443603516,3527603
2022-11-25,60.20000076293945,60.5,59.70000076293945,60.20000076293945,57.028873443603516,3752781
2022-11-28,59.70000076293945,60.70000076293945,59.70000076293945,60.70000076293945,57.502532958984375,3214479
2022-11-29,60.79999923706055,61.5,60.20000076293945,61.5,58.26039123535156,3817694
2022-11-30,60.79999923706055,62.0,60.70000076293945,62.0,58.73405456542969,5534486
2022-12-01,62.29999923706055,62.29999923706055,61.20000076293945,61.70000076293945,58.44985580444336,6058413
2022-12-02,61.099998474121094,62.0,61.099998474121094,61.900001525878906,58.63932418823242,4163527
2022-12-05,61.400001525878906,63.5,61.400001525878906,63.5,60.15503692626953,6575472
2022-12-06,63.0,63.79999923706055,62.5,63.79999923706055,60.43923568725586,5372822
2022-12-07,62.70000076293945,63.5,62.70000076293945,63.0,59.68137741088867,5150797
2022-12-08,63.0,63.0,62.0,62.20000076293945,58.923519134521484,4230788
2022-12-09,62.29999923706055,63.099998474121094,62.0,63.099998474121094,59.77610778808594,3953143
2022-12-12,62.20000076293945,63.20000076293945,62.0,63.20000076293945,59.87084197998047,4331234
2022-12-13,63.0,63.400001525878906,62.5,63.20000076293945,59.87084197998047,7024552
2022-12-14,63.5,63.79999923706055,63.0,63.29999923706055,59.965572357177734,5694287
2022-12-15,63.5,63.5,62.900001525878906,63.5,60.15503692626953,4631580
2022-12-16,62.0,64.0,62.0,64.0,60.628700256347656,20844971
2022-12-19,63.0,64.0,62.400001525878906,63.79999923706055,60.43923568725586,19765526
2022-12-20,63.29999923706055,64.0,62.900001525878906,63.599998474121094,60.24977111816406,17665503
2022-12-21,63.29999923706055,63.79999923706055,62.900001525878906,63.70000076293945,60.344505310058594,18261055
2022-12-22,63.70000076293945,64.69999694824219,63.29999923706055,64.0,60.628700256347656,16820100
2022-12-23,64.0,64.19999694824219,63.29999923706055,64.19999694824219,60.81816101074219,3308814
2022-12-26,64.19999694824219,64.30000305175781,63.5,63.79999923706055,60.43923568725586,1034715
2022-12-27,64.0999984741211,64.0999984741211,63.5,63.599998474121094,60.24977111816406,1322561
2022-12-28,63.29999923706055,63.900001525878906,63.20000076293945,63.79999923706055,60.43923568725586,3082412
2022-12-29,63.29999923706055,63.900001525878906,63.099998474121094,63.79999923706055,60.43923568725586,3218144
2022-12-30,64.0,64.0,63.29999923706055,63.5,60.15503692626953,2007082
2023-01-03,63.20000076293945,63.70000076293945,62.79999923706055,63.70000076293945,60.344505310058594,2583988
2023-01-04,63.20000076293945,63.900001525878906,63.20000076293945,63.5,60.15503692626953,3155532
2023-01-05,63.599998474121094,64.0,63.599998474121094,63.79999923706055,60.43923568725586,2574996
2023-01-06,63.79999923706055,64.4000015258789,63.70000076293945,64.0,60.628700256347656,2761877
2023-01-09,64.5999984741211,64.80000305175781,64.30000305175781,64.80000305175781,61.38656234741211,3571398
2023-01-10,64.80000305175781,64.80000305175781,64.4000015258789,64.5,61.10236358642578,2904423
2023-01-11,64.4000015258789,64.80000305175781,64.4000015258789,64.5,61.10236358642578,1845633
2023-01-12,64.5,64.80000305175781,64.30000305175781,64.5,61.10236358642578,1846340
2023-01-13,64.80000305175781,64.9000015258789,64.0,64.30000305175781,60.912899017333984,2113533
2023-01-16,64.80000305175781,65.0,64.19999694824219,64.5,61.10236358642578,3048100
2023-01-17,64.5,64.69999694824219,64.19999694824219,64.69999694824219,61.29182434082031,3034173
2023-01-30,65.19999694824219,65.69999694824219,64.9000015258789,65.5999984741211,62.14441680908203,6823498
2023-01-31,65.5,65.80000305175781,64.4000015258789,64.5,61.10236358642578,8358273
2023-02-01,64.5999984741211,65.0,64.5999984741211,65.0,61.57602310180664,2976433
2023-02-02,65.5,65.69999694824219,65.0999984741211,65.4000015258789,61.9549560546875,2663507
2023-02-03,65.4000015258789,65.5,65.0,65.4000015258789,61.9549560546875,2382364
2023-02-06,65.4000015258789,66.4000015258789,65.4000015258789,66.0999984741211,62.61807632446289,5629194
2023-02-07,66.0999984741211,66.5999984741211,66.0999984741211,66.5999984741211,63.091739654541016,2762125
2023-02-08,66.69999694824219,66.69999694824219,66.0999984741211,66.19999694824219,62.71281051635742,1929241
2023-02-09,66.19999694824219,66.5999984741211,66.0999984741211,66.5,62.99700927734375,1954960
2023-02-10,66.0999984741211,66.5999984741211,65.9000015258789,66.5999984741211,63.091739654541016,2112916
2023-02-13,67.0999984741211,67.69999694824219,66.5999984741211,67.0999984741211,63.56540298461914,5839738
2023-02-14,67.19999694824219,67.30000305175781,66.5999984741211,66.69999694824219,63.18647003173828,3050827
2023-02-15,67.0,67.19999694824219,66.30000305175781,67.19999694824219,63.660133361816406,4055677
2023-02-16,67.0,67.19999694824219,66.80000305175781,67.0,63.47066879272461,2552940
2023-02-17,67.0,67.5,66.80000305175781,67.5,63.944332122802734,2034056
2023-02-20,67.5,67.80000305175781,67.30000305175781,67.80000305175781,64.22853088378906,2372477
2023-02-21,67.80000305175781,68.0,67.5999984741211,67.9000015258789,64.3232650756836,2309318
2023-02-22,67.80000305175781,68.19999694824219,67.30000305175781,68.19999694824219,64.60745239257812,3377983
2023-02-23,68.19999694824219,68.5,68.0999984741211,68.5,64.89165496826172,2548341
2023-02-24,68.5,68.69999694824219,68.0,68.0,64.4179916381836,4354882
2023-03-01,68.0,68.30000305175781,67.30000305175781,68.0,64.4179916381836,3700530
2023-03-02,68.19999694824219,68.4000015258789,67.80000305175781,68.4000015258789,64.79692840576172,3185177
2023-03-03,68.5999984741211,68.80000305175781,68.0999984741211,68.30000305175781,64.70219421386719,1937316
2023-03-06,68.9000015258789,69.0,68.30000305175781,69.0,65.36531829833984,3648846
2023-03-07,69.0,69.9000015258789,68.9000015258789,69.9000015258789,66.21791076660156,4563361
2023-03-08,69.5999984741211,69.9000015258789,69.19999694824219,69.80000305175781,66.12317657470703,3300924
2023-03-09,70.0,70.0,69.4000015258789,69.80000305175781,66.12317657470703,2593503
2023-03-10,69.0,69.30000305175781,68.5999984741211,69.0,65.36531829833984,3785157
2023-03-13,68.4000015258789,69.5999984741211,67.9000015258789,69.4000015258789,65.74424743652344,5157385
2023-03-14,68.19999694824219,69.4000015258789,67.9000015258789,69.0,65.36531829833984,4374939
2023-03-15,68.5999984741211,68.69999694824219,66.4000015258789,66.5999984741211,63.091739654541016,11603338
2023-03-16,66.5,67.4000015258789,66.0,67.4000015258789,63.84960174560547,3866199
2023-03-17,67.5999984741211,68.19999694824219,67.30000305175781,67.9000015258789,64.3232650756836,5603889
2023-03-20,68.5,68.5999984741211,67.80000305175781,68.4000015258789,64.79692840576172,1409013
2023-03-21,68.4000015258789,69.4000015258789,68.4000015258789,69.30000305175781,65.64952087402344,3482972
2023-03-22,69.30000305175781,69.5,68.80000305175781,69.4000015258789,65.74424743652344,2217673
2023-03-23,69.5,69.80000305175781,69.0,69.80000305175781,66.12317657470703,4271614
2023-03-24,69.9000015258789,69.9000015258789,69.5,69.9000015258789,66.21791076660156,3853484
2023-03-27,69.80000305175781,70.0,69.80000305175781,69.9000015258789,66.21791076660156,3613388
2023-03-28,69.9000015258789,69.9000015258789,69.19999694824219,69.5,65.83898162841797,3428190
2023-03-29,69.80000305175781,69.9000015258789,69.5,69.9000015258789,66.21791076660156,4527904
2023-03-30,70.0,70.0,69.5,69.9000015258789,66.21791076660156,4540306
2023-03-31,70.0,70.19999694824219,69.5999984741211,69.69999694824219,66.0284423828125,6802786
2023-04-06,69.69999694824219,70.5,69.5999984741211,70.5,66.78630065917969,6751450
2023-04-07,70.5999984741211,70.69999694824219,70.0999984741211,70.4000015258789,66.69157409667969,2299223
2023-04-10,70.4000015258789,70.4000015258789,69.5999984741211,69.9000015258789,66.21791076660156,2212664
2023-04-11,69.80000305175781,70.4000015258789,69.5,70.4000015258789,66.69157409667969,4923448
2023-04-12,70.30000305175781,70.80000305175781,70.0999984741211,70.5999984741211,66.88103485107422,5070586
2023-04-13,70.80000305175781,70.80000305175781,70.0,70.30000305175781,66.59683990478516,3126077
2023-04-14,70.30000305175781,70.4000015258789,69.69999694824219,70.19999694824219,66.50210571289062,3122889
2023-04-17,70.19999694824219,70.69999694824219,69.80000305175781,70.69999694824219,66.97576141357422,6309542
2023-04-18,70.5,70.5,70.0,70.0999984741211,66.4073715209961,1805378
2023-04-19,70.4000015258789,70.4000015258789,69.80000305175781,70.19999694824219,66.50210571289062,4019404
2023-04-20,70.19999694824219,70.30000305175781,69.80000305175781,70.0999984741211,66.4073715209961,2709412
2023-04-21,70.19999694824219,70.5999984741211,69.9000015258789,70.0999984741211,66.4073715209961,6813576
2023-04-24,69.9000015258789,70.0,69.4000015258789,69.69999694824219,66.0284423828125,6686853
2023-04-25,70.0,70.0999984741211,68.80000305175781,69.0,65.36531829833984,8233305
2023-04-26,69.0,69.9000015258789,68.80000305175781,69.69999694824219,66.0284423828125,8689822
2023-04-27,69.9000015258789,70.0999984741211,69.30000305175781,69.5999984741211,65.93370819091797,7505995
2023-04-28,69.9000015258789,70.0,69.5,70.0,66.31263732910156,3185625
2023-05-02,70.0,70.5999984741211,69.9000015258789,70.5,66.78630065917969,3146367
2023-05-03,70.19999694824219,70.4000015258789,69.9000015258789,70.19999694824219,66.50210571289062,1512023
2023-05-04,69.69999694824219,70.5,69.69999694824219,70.19999694824219,66.50210571289062,2326380
2023-05-05,70.19999694824219,70.30000305175781,69.9000015258789,70.0999984741211,66.4073715209961,970215
2023-05-08,70.5,70.5,70.0999984741211,70.30000305175781,66.59683990478516,1012293
2023-05-09,70.30000305175781,70.5,70.0,70.5,66.78630065917969,1253020
2023-05-10,70.30000305175781,70.4000015258789,70.0,70.4000015258789,66.69157409667969,1105222
2023-05-11,70.69999694824219,71.19999694824219,70.5999984741211,70.69999694824219,66.97576141357422,2905274
2023-05-12,70.0999984741211,70.69999694824219,69.0,69.69999694824219,66.0284423828125,4675449
2023-05-15,69.5999984741211,70.4000015258789,69.4000015258789,70.19999694824219,66.50210571289062,2166499
2023-05-16,70.5999984741211,71.5,70.19999694824219,71.30000305175781,67.5441665649414,6456374
2023-05-17,71.4000015258789,72.4000015258789,71.19999694824219,72.30000305175781,68.49148559570312,9266509
2023-05-18,72.30000305175781,72.5999984741211,72.0999984741211,72.4000015258789,68.58621978759766,4730959
2023-05-19,72.30000305175781,73.4000015258789,72.30000305175781,73.19999694824219,69.34407043457031,7048678
2023-05-22,73.19999694824219,73.80000305175781,73.0,73.4000015258789,69.53353881835938,4521298
2023-05-23,73.5,73.5,72.69999694824219,73.0999984741211,69.24934387207031,4491023
2023-05-24,73.19999694824219,73.5,72.5999984741211,73.5,69.6282730102539,3608475
2023-05-25,72.9000015258789,73.9000015258789,72.80000305175781,73.5999984741211,69.72300720214844,4109333
2023-05-26,73.5999984741211,74.69999694824219,73.4000015258789,74.5,70.57559967041016,8341773
2023-05-29,74.80000305175781,75.0,74.30000305175781,74.69999694824219,70.76506042480469,5124095
2023-05-30,75.0,75.19999694824219,74.5999984741211,75.0,71.04925537109375,6756789
2023-05-31,75.0,76.0,75.0,75.30000305175781,71.33345794677734,11383483
2023-06-01,75.30000305175781,75.9000015258789,74.69999694824219,75.69999694824219,71.7123794555664,5603731
2023-06-02,75.69999694824219,78.0,75.5,77.0999984741211,73.03863525390625,17219082
2023-06-05,78.30000305175781,78.69999694824219,77.0999984741211,78.0,73.89122772216797,14492566
2023-06-06,78.0,78.5,77.4000015258789,77.5,73.41756439208984,7325204
2023-06-07,77.9000015258789,78.19999694824219,77.5999984741211,78.19999694824219,74.0806884765625,6659661
2023-06-08,78.19999694824219,78.30000305175781,77.0999984741211,77.4000015258789,73.32283782958984,9782013
2023-06-09,77.9000015258789,78.4000015258789,77.5,78.0999984741211,73.9859619140625,8167638
2023-06-12,78.0999984741211,78.4000015258789,77.5,77.5999984741211,73.51229858398438,7724309
2023-06-13,77.69999694824219,78.30000305175781,77.4000015258789,78.0,73.89122772216797,8072441
2023-06-14,78.0,78.19999694824219,77.5999984741211,78.0,73.89122772216797,6069366
2023-06-15,78.0999984741211,79.69999694824219,78.0999984741211,79.4000015258789,75.21748352050781,12715406
2023-06-16,80.0,81.0,79.30000305175781,79.30000305175781,75.12274932861328,46938134
2023-06-19,79.0999984741211,79.30000305175781,76.5999984741211,77.0999984741211,73.03863525390625,11774480
2023-06-20,76.9000015258789,77.0,76.0999984741211,76.4000015258789,72.3755111694336,6929926
2023-06-21,76.9000015258789,77.4000015258789,76.30000305175781,77.0,72.94390869140625,5131054
2023-06-26,76.5999984741211,76.5999984741211,75.19999694824219,75.30000305175781,71.33345794677734,11001749
2023-06-27,75.0,75.30000305175781,73.80000305175781,74.69999694824219,70.76506042480469,8151134
2023-06-28,74.80000305175781,75.30000305175781,74.69999694824219,74.80000305175781,70.85979461669922,4888951
2023-06-29,75.80000305175781,75.9000015258789,74.9000015258789,75.0999984741211,71.14398956298828,9180503
2023-06-30,74.9000015258789,75.19999694824219,74.5999984741211,74.80000305175781,70.85979461669922,11452078
2023-07-03,75.0999984741211,76.30000305175781,74.9000015258789,76.0,71.99658203125,15087580
2023-07-04,74.30000305175781,74.30000305175781,72.0999984741211,72.19999694824219,72.19999694824219,19988799
2023-07-05,72.4000015258789,72.69999694824219,71.5,71.5,71.5,8268995
2023-07-06,71.5,71.80000305175781,70.5,70.69999694824219,70.69999694824219,10263073
2023-07-07,70.5,70.80000305175781,69.5999984741211,70.5,70.5,6101460
2023-07-10,70.30000305175781,70.4000015258789,69.5999984741211,69.9000015258789,69.9000015258789,4362057
2023-07-11,70.19999694824219,71.5,70.0,71.5,71.5,3730840
2023-07-12,71.5,72.4000015258789,71.4000015258789,72.0999984741211,72.0999984741211,6398234
2023-07-13,72.9000015258789,75.9000015258789,72.5999984741211,74.19999694824219,74.19999694824219,16227120
2023-07-14,75.5999984741211,76.30000305175781,74.19999694824219,74.5,74.5,8911502
2023-07-17,79.0999984741211,81.9000015258789,79.0999984741211,81.9000015258789,81.9000015258789,32782218
2023-07-18,90.0,90.0,82.19999694824219,84.19999694824219,84.19999694824219,125535171
2023-07-19,84.0999984741211,84.5,76.4000015258789,76.80000305175781,76.80000305175781,57533642
2023-07-20,76.80000305175781,78.4000015258789,75.30000305175781,76.0999984741211,76.0999984741211,27243238
2023-07-21,75.0,77.4000015258789,74.30000305175781,76.5999984741211,76.5999984741211,21413041
2023-07-24,78.5,80.19999694824219,77.5999984741211,78.80000305175781,78.80000305175781,28865351
2023-07-25,79.9000015258789,81.4000015258789,79.5999984741211,80.19999694824219,80.19999694824219,26342477
2023-07-26,80.5,80.5,78.30000305175781,78.80000305175781,78.80000305175781,12032227
2023-07-27,79.0,79.5,77.19999694824219,77.5,77.5,11777202
2023-07-28,77.0,78.69999694824219,76.5999984741211,78.69999694824219,78.69999694824219,8529192
2023-07-31,79.19999694824219,79.5,75.80000305175781,76.4000015258789,76.4000015258789,16170776
2023-08-01,76.19999694824219,76.9000015258789,75.4000015258789,76.19999694824219,76.19999694824219,6466314
2023-08-02,76.80000305175781,77.19999694824219,75.0,75.80000305175781,75.80000305175781,10739366
2023-08-04,75.0,77.0,74.5999984741211,76.69999694824219,76.69999694824219,8124699
2023-08-07,77.0,77.69999694824219,76.19999694824219,76.69999694824219,76.69999694824219,7505715
2023-08-08,77.0999984741211,78.0,76.4000015258789,77.5,77.5,8498104
2023-08-09,77.5,79.0999984741211,76.9000015258789,78.4000015258789,78.4000015258789,10623737
2023-08-10,78.4000015258789,78.4000015258789,74.5,76.0999984741211,76.0999984741211,15098584
2023-08-11,76.0999984741211,76.9000015258789,75.80000305175781,76.19999694824219,76.19999694824219,8524656
2023-08-14,75.19999694824219,75.69999694824219,74.19999694824219,75.5,75.5,8491779
2023-08-15,75.80000305175781,77.30000305175781,75.80000305175781,76.5999984741211,76.5999984741211,8465344
2023-08-16,75.9000015258789,77.4000015258789,75.80000305175781,77.4000015258789,77.4000015258789,11232422
2023-08-17,76.5,77.30000305175781,75.9000015258789,77.30000305175781,77.30000305175781,11486890
2023-08-18,77.30000305175781,78.30000305175781,76.5,76.9000015258789,76.9000015258789,12343113
2023-08-21,77.5999984741211,77.69999694824219,76.30000305175781,76.69999694824219,76.69999694824219,10691236
2023-08-22,77.5,78.19999694824219,76.80000305175781,77.80000305175781,77.80000305175781,12682958
2023-08-23,78.0999984741211,78.80000305175781,77.5,78.69999694824219,78.69999694824219,13106202
2023-08-24,79.80000305175781,80.4000015258789,78.5999984741211,80.0999984741211,80.0999984741211,24048011
2023-08-25,79.30000305175781,79.9000015258789,77.69999694824219,78.9000015258789,78.9000015258789,13123415
2023-08-28,79.0999984741211,79.5999984741211,78.5,78.69999694824219,78.69999694824219,6422940
2023-08-29,78.80000305175781,79.0,77.5999984741211,78.30000305175781,78.30000305175781,6278529
2023-08-30,78.5999984741211,79.19999694824219,78.19999694824219,78.5,78.5,5635611
2023-08-31,78.80000305175781,78.80000305175781,78.0,78.0,78.0,6879781
2023-09-01,78.0,78.4000015258789,77.30000305175781,77.69999694824219,77.69999694824219,5785590
2023-09-04,77.5999984741211,77.80000305175781,76.9000015258789,77.30000305175781,77.30000305175781,3439133
2023-09-05,77.30000305175781,77.80000305175781,76.9000015258789,77.69999694824219,77.69999694824219,2809386
2023-09-06,77.5999984741211,78.4000015258789,77.5,77.80000305175781,77.80000305175781,5702613
2023-09-07,77.5,78.19999694824219,77.30000305175781,77.69999694824219,77.69999694824219,4717389
2023-09-08,77.4000015258789,78.19999694824219,77.0999984741211,78.0999984741211,78.0999984741211,4874080
2023-09-11,77.9000015258789,77.9000015258789,74.80000305175781,74.9000015258789,74.9000015258789,9654686
2023-09-12,75.0999984741211,77.30000305175781,75.0999984741211,76.69999694824219,76.69999694824219,7358632
2023-09-13,76.5999984741211,77.19999694824219,76.0,76.80000305175781,76.80000305175781,4217992
2023-09-14,77.0,77.9000015258789,77.0,77.5,77.5,4250486
2023-09-15,78.0,78.0999984741211,77.5999984741211,78.0999984741211,78.0999984741211,11185310
2023-09-18,77.30000305175781,77.80000305175781,77.19999694824219,77.30000305175781,77.30000305175781,4109634
2023-09-19,77.5999984741211,78.4000015258789,77.19999694824219,77.19999694824219,77.19999694824219,4480141
2023-09-20,77.19999694824219,78.0,77.0,77.0,77.0,5780303
2023-09-21,76.5999984741211,77.30000305175781,76.0,76.5,76.5,4937370
2023-09-22,76.0,77.30000305175781,76.0,77.0,77.0,2850489
2023-09-25,76.5999984741211,76.80000305175781,76.19999694824219,76.69999694824219,76.69999694824219,3228667
2023-09-26,76.19999694824219,76.4000015258789,75.9000015258789,76.0,76.0,3493173
2023-09-27,76.0,76.5,75.4000015258789,76.30000305175781,76.30000305175781,2611166
2023-09-28,76.30000305175781,77.19999694824219,76.0999984741211,76.5999984741211,76.5999984741211,4488578
2023-10-02,76.5999984741211,77.4000015258789,76.5,76.5999984741211,76.5999984741211,2964564
2023-10-03,76.4000015258789,77.80000305175781,76.4000015258789,77.4000015258789,77.4000015258789,4257292
2023-10-04,76.4000015258789,76.69999694824219,75.80000305175781,76.19999694824219,76.19999694824219,4693261
2023-10-05,76.5999984741211,77.80000305175781,76.5999984741211,77.69999694824219,77.69999694824219,6148502
2023-10-06,78.0,78.0,77.19999694824219,77.5999984741211,77.5999984741211,4354319
2023-10-11,78.5,79.0,77.80000305175781,78.0999984741211,78.0999984741211,8422793
2023-10-12,78.69999694824219,79.0,78.0999984741211,78.9000015258789,78.9000015258789,5127208
2023-10-13,78.5999984741211,78.9000015258789,77.5999984741211,77.9000015258789,77.9000015258789,4804281
2023-10-16,77.5,78.19999694824219,77.30000305175781,77.5999984741211,77.5999984741211,4459037
2023-10-17,79.0,79.5999984741211,76.5,77.0,77.0,9600821
2023-10-18,76.9000015258789,77.5,76.30000305175781,76.9000015258789,76.9000015258789,7017442
2023-10-19,76.4000015258789,77.5999984741211,76.0,76.5999984741211,76.5999984741211,5775469
2023-10-20,76.0999984741211,76.5999984741211,75.0999984741211,76.0,76.0,5901973
2023-10-23,75.5,76.0,75.19999694824219,75.4000015258789,75.4000015258789,3666590
2023-10-24,75.5999984741211,76.9000015258789,75.4000015258789,76.80000305175781,76.80000305175781,3007122
2023-10-25,77.30000305175781,77.30000305175781,76.5,77.0,77.0,3234745
2023-10-26,76.0,76.9000015258789,76.0,76.4000015258789,76.4000015258789,4917706
2023-10-27,77.0999984741211,77.80000305175781,76.0999984741211,76.5999984741211,76.5999984741211,5504026
2023-10-30,77.0,77.4000015258789,76.0,76.5,76.5,4121506
2023-10-31,77.0,77.0,74.9000015258789,75.4000015258789,75.4000015258789,7395081
2023-11-01,75.80000305175781,77.19999694824219,75.80000305175781,76.9000015258789,76.9000015258789,3949830
2023-11-02,77.5,77.80000305175781,77.0,77.19999694824219,77.19999694824219,3235555
2023-11-03,77.30000305175781,77.5,76.4000015258789,76.69999694824219,76.69999694824219,2687205
2023-11-06,77.4000015258789,77.80000305175781,77.0,77.5,77.5,7299059
2023-11-07,77.5,78.0,77.30000305175781,78.0,78.0,3467023
2023-11-08,78.0999984741211,78.4000015258789,77.4000015258789,78.0,78.0,4645638
2023-11-09,78.19999694824219,78.30000305175781,77.5999984741211,78.0,78.0,5459148
2023-11-10,77.80000305175781,78.4000015258789,77.19999694824219,78.30000305175781,78.30000305175781,3641643
2023-11-13,78.5,78.69999694824219,77.19999694824219,77.9000015258789,77.9000015258789,5184865
2023-11-14,78.30000305175781,79.5,78.19999694824219,79.5,79.5,12294633
2023-11-15,80.4000015258789,81.0,79.5,80.0,80.0,8771993
2023-11-16,80.0,80.30000305175781,79.5,80.0,80.0,5316556
2023-11-17,80.0,80.80000305175781,79.80000305175781,80.80000305175781,80.80000305175781,12439990
2023-11-20,81.30000305175781,81.5,80.5,81.0999984741211,81.0999984741211,6691151
2023-11-21,81.30000305175781,82.0,81.0999984741211,81.9000015258789,81.9000015258789,9212497
2023-11-22,82.0,82.0,80.69999694824219,81.0,81.0,3434300
2023-11-23,80.80000305175781,81.4000015258789,80.5,81.0999984741211,81.0999984741211,3345691
2023-11-24,81.30000305175781,81.30000305175781,80.69999694824219,80.80000305175781,80.80000305175781,1790470
2023-11-27,80.80000305175781,81.19999694824219,80.69999694824219,80.80000305175781,80.80000305175781,3825458
2023-11-28,81.0,81.30000305175781,80.30000305175781,81.0999984741211,81.0999984741211,4750281
2023-11-29,81.0,82.0,80.80000305175781,81.69999694824219,81.69999694824219,6030552
2023-11-30,81.30000305175781,81.5999984741211,80.5999984741211,81.19999694824219,81.19999694824219,9060066
2023-12-01,80.5,81.4000015258789,80.5,81.30000305175781,81.30000305175781,2549140
2023-12-04,81.19999694824219,81.5999984741211,80.5,80.9000015258789,80.9000015258789,3780312
2023-12-05,80.5,80.80000305175781,79.5,80.80000305175781,80.80000305175781,4963930
2023-12-06,80.9000015258789,81.30000305175781,80.69999694824219,81.30000305175781,81.30000305175781,4535124
2023-12-07,81.30000305175781,81.80000305175781,80.9000015258789,81.0999984741211,81.0999984741211,3112144
2023-12-08,81.5,81.69999694824219,81.19999694824219,81.69999694824219,81.69999694824219,3266164
2023-12-11,81.80000305175781,82.5,81.69999694824219,82.5,82.5,5628931
2023-12-12,82.9000015258789,83.4000015258789,82.5999984741211,83.0999984741211,83.0999984741211,6180199
2023-12-13,83.19999694824219,84.80000305175781,83.0,84.80000305175781,84.80000305175781,11654471
2023-12-14,85.0999984741211,85.5999984741211,84.19999694824219,85.5,85.5,9447133
2023-12-15,85.69999694824219,85.9000015258789,84.5,84.5,84.5,9194837
2023-12-18,84.5999984741211,85.5,83.30000305175781,85.5,85.5,13346617
2023-12-19,85.30000305175781,85.30000305175781,84.19999694824219,85.0,85.0,10330336
2023-12-20,85.19999694824219,86.5,85.0,86.5,86.5,16473154
2023-12-21,85.5,85.9000015258789,84.80000305175781,85.9000015258789,85.9000015258789,12168118
2023-12-22,85.5999984741211,85.80000305175781,84.80000305175781,85.80000305175781,85.80000305175781,9712306
2023-12-25,85.80000305175781,86.80000305175781,85.5,86.80000305175781,86.80000305175781,6205072
2023-12-26,87.0999984741211,88.0,86.5,88.0,88.0,8794558
2023-12-27,88.19999694824219,89.9000015258789,88.0999984741211,89.5,89.5,15953389
2023-12-28,89.9000015258789,90.0,87.69999694824219,88.19999694824219,88.19999694824219,7043272
2023-12-29,86.19999694824219,87.80000305175781,84.30000305175781,87.30000305175781,87.30000305175781,9857992
2024-01-02,87.4000015258789,87.69999694824219,86.30000305175781,87.4000015258789,87.4000015258789,6042109
2024-01-03,86.30000305175781,86.5999984741211,85.30000305175781,85.9000015258789,85.9000015258789,7935595
2024-01-04,85.5,85.5,84.0999984741211,84.5999984741211,84.5999984741211,8924925
2024-01-05,84.9000015258789,84.9000015258789,83.80000305175781,83.9000015258789,83.9000015258789,5566800
2024-01-08,84.19999694824219,84.80000305175781,83.5999984741211,83.9000015258789,83.9000015258789,6554985
2024-01-09,84.69999694824219,84.80000305175781,83.69999694824219,83.80000305175781,83.80000305175781,4493435
2024-01-10,83.5999984741211,83.80000305175781,82.5,82.9000015258789,82.9000015258789,5109997
2024-01-11,82.5999984741211,83.4000015258789,81.9000015258789,82.5,82.5,11090361
2024-01-12,82.5,83.19999694824219,82.30000305175781,83.0,83.0,4282450
2024-01-15,83.80000305175781,83.9000015258789,82.4000015258789,82.4000015258789,82.4000015258789,5854028
2024-01-16,82.0,82.4000015258789,81.30000305175781,81.80000305175781,81.80000305175781,7745826
2024-01-17,81.30000305175781,81.80000305175781,80.30000305175781,80.80000305175781,80.80000305175781,9396175
2024-01-18,80.9000015258789,81.0999984741211,80.4000015258789,80.69999694824219,80.69999694824219,3496277
2024-01-19,80.5,82.5999984741211,80.5,82.5999984741211,82.5999984741211,4717521
2024-01-22,83.5,84.0,82.69999694824219,83.0,83.0,4425000
2024-01-23,83.19999694824219,83.5999984741211,81.9000015258789,83.5,83.5,9002608
2024-01-24,87.19999694824219,88.0999984741211,84.80000305175781,86.0999984741211,86.0999984741211,22428574
2024-01-25,86.30000305175781,86.4000015258789,84.0,84.19999694824219,84.19999694824219,6827085
2024-01-26,84.19999694824219,84.30000305175781,83.0,83.30000305175781,83.30000305175781,5520643
2024-01-29,83.19999694824219,84.69999694824219,82.9000015258789,84.19999694824219,84.19999694824219,4420438
2024-01-30,84.69999694824219,84.69999694824219,83.4000015258789,83.80000305175781,83.80000305175781,5968909
2024-01-31,83.5,83.5,82.4000015258789,82.69999694824219,82.69999694824219,6895052
2024-02-01,83.0999984741211,84.0999984741211,82.9000015258789,84.0999984741211,84.0999984741211,6029705
2024-02-02,84.19999694824219,84.5,83.5,84.30000305175781,84.30000305175781,3460642
2024-02-05,83.19999694824219,84.9000015258789,83.19999694824219,84.5,84.5,3765681
2024-02-15,86.0,86.0,83.19999694824219,83.69999694824219,83.69999694824219,7610005
2024-02-16,83.9000015258789,84.9000015258789,83.4000015258789,84.69999694824219,84.69999694824219,5752196
2024-02-19,85.19999694824219,85.30000305175781,83.5999984741211,84.80000305175781,84.80000305175781,3283521
2024-02-20,84.80000305175781,85.5999984741211,84.5,85.5,85.5,4791209
2024-02-21,85.5,86.0,85.19999694824219,85.9000015258789,85.9000015258789,4463823
2024-02-22,85.80000305175781,86.9000015258789,85.69999694824219,86.5999984741211,86.5999984741211,7743205
2024-02-23,86.69999694824219,87.19999694824219,85.80000305175781,85.9000015258789,85.9000015258789,5775044
2024-02-26,85.5999984741211,86.0999984741211,85.0999984741211,85.5999984741211,85.5999984741211,3530345
2024-02-27,85.4000015258789,85.80000305175781,83.9000015258789,84.30000305175781,84.30000305175781,4888055
2024-02-29,84.30000305175781,85.80000305175781,83.80000305175781,85.5,85.5,7113797
2024-03-01,85.5,86.69999694824219,84.69999694824219,84.9000015258789,84.9000015258789,5984382
2024-03-04,85.0,86.4000015258789,85.0,86.0,86.0,5235266
2024-03-05,85.5999984741211,86.5999984741211,85.4000015258789,86.5,86.5,4671658
2024-03-06,86.4000015258789,86.5,85.5,86.5,86.5,5079713
2024-03-07,85.5,86.0,85.0999984741211,85.4000015258789,85.4000015258789,6473120
2024-03-08,85.19999694824219,86.30000305175781,85.19999694824219,85.30000305175781,85.30000305175781,6954854
2024-03-11,85.0,85.9000015258789,84.69999694824219,85.0999984741211,85.0999984741211,5304235
2024-03-12,85.0999984741211,87.80000305175781,85.0999984741211,87.5,87.5,9090837
2024-03-13,88.0999984741211,90.5,87.9000015258789,89.9000015258789,89.9000015258789,23824801
2024-03-14,89.9000015258789,90.0,87.0,88.5999984741211,88.5999984741211,11683726
2024-03-15,89.0,90.0,87.5,89.0999984741211,89.0999984741211,15204245
2024-03-18,88.69999694824219,91.0,88.5,91.0,91.0,15877580
2024-03-19,91.5,100.0,91.4000015258789,100.0,100.0,64121285
2024-03-20,104.5,109.5,101.5,103.5,103.5,85151122
2024-03-21,104.5,104.5,100.5,104.5,104.5,45150831
2024-03-22,104.0,104.0,101.0,102.0,102.0,28363634
2024-03-25,103.0,104.0,100.0,101.5,101.5,22444790
2024-03-26,101.5,102.0,95.30000305175781,97.80000305175781,97.80000305175781,32120230
2024-03-27,97.69999694824219,98.5999984741211,96.5,98.4000015258789,98.4000015258789,13496876
2024-03-28,98.69999694824219,101.5,97.0999984741211,99.69999694824219,99.69999694824219,28978759
2024-03-29,100.0,101.0,98.5,100.5,100.5,13103000
2024-04-01,101.5,101.5,97.5,97.5,97.5,17129448
2024-04-02,97.9000015258789,99.5,97.9000015258789,98.30000305175781,98.30000305175781,10399395
2024-04-03,98.0,98.80000305175781,97.19999694824219,97.4000015258789,97.4000015258789,10439811
2024-04-08,99.0999984741211,102.0,98.0,101.0,101.0,19516270
2024-04-09,101.0,102.0,100.0,100.5,100.5,11042948
2024-04-10,101.0,103.0,100.0,101.0,101.0,13208051
2024-04-11,100.5,102.0,99.0999984741211,101.5,101.5,8083464
2024-04-12,100.5,100.5,98.30000305175781,98.30000305175781,98.30000305175781,13868083
2024-04-15,98.0,100.5,97.9000015258789,98.69999694824219,98.69999694824219,13589316
2024-04-16,98.4000015258789,98.5,95.0,95.4000015258789,95.4000015258789,18607376
2024-04-17,95.4000015258789,96.80000305175781,95.19999694824219,96.4000015258789,96.4000015258789,9408836
2024-04-18,95.80000305175781,97.19999694824219,95.80000305175781,96.5999984741211,96.5999984741211,8736443
2024-04-19,95.30000305175781,96.0,92.5999984741211,94.80000305175781,94.80000305175781,16467096
2024-04-22,94.80000305175781,95.4000015258789,93.5999984741211,94.5,94.5,7547563
2024-04-23,96.0999984741211,96.30000305175781,94.4000015258789,94.69999694824219,94.69999694824219,4998479
2024-04-24,95.0,97.0999984741211,95.0,96.69999694824219,96.69999694824219,4896163
2024-04-25,96.0999984741211,96.30000305175781,94.5,94.69999694824219,94.69999694824219,6348670
